,Filename:,Unique_ID,Family:
0,1083_0.jpg,1083,Cetoniidae
1,589_0.jpg,589,Scarabaeidae
2,210_0.jpg,210,Lucanidae
3,95_0.jpg,95,Carabidae
4,80_1.jpg,80,Cetoniidae
5,1011_0.jpg,1011,Buprestidae
6,1238_1.jpg,1238,Cerambycidae
7,356_0.jpg,356,Buprestidae
8,1164_0.jpg,1164,Lucanidae
9,1154_0.jpg,1154,Lucanidae
10,996_1.jpg,996,Cicindelidae
11,645_2.jpg,645,Cerambycidae
12,149_0.jpg,149,Cerambycidae
13,1238_0.jpg,1238,Cerambycidae
14,43_0.jpg,43,Cerambycidae
15,686_0.jpg,686,Dynastidae
16,1524_0.jpg,1524,Buprestidae
17,1452_0.jpg,1452,Lucanidae
18,1284_1.jpg,1284,Cetoniidae
19,1398_0.jpg,1398,Cerambycidae
20,1187_0.jpg,1187,Dynastidae
21,667_0.jpg,667,Cetoniidae
22,1533_1.jpg,1533,Cerambycidae
23,876_0.jpg,876,Scarabaeidae
24,1361_0.jpg,1361,Cerambycidae
25,290_0.jpg,290,Carabidae
26,1431_0.jpg,1431,Cerambycidae
27,1678_0.jpg,1678,Dynastidae
28,222_1.jpg,222,Buprestidae
29,714_0.jpg,714,Curculionidae
30,468_1.jpg,468,Carabidae
31,427_0.jpg,427,Lucanidae
32,1619_1.jpg,1619,Buprestidae
33,125_0.jpg,125,Cerambycidae
34,373_0.jpg,373,Buprestidae
35,1409_0.jpg,1409,Cerambycidae
36,1255_0.jpg,1255,Cerambycidae
37,351_1.jpg,351,Cetoniidae
38,1597_1.jpg,1597,Buprestidae
39,518_0.jpg,518,Lucanidae
40,654_0.jpg,654,Scarabaeidae
41,1496_0.jpg,1496,Buprestidae
42,454_0.jpg,454,Carabidae
43,1205_0.jpg,1205,Cerambycidae
44,1357_0.jpg,1357,Cerambycidae
45,515_2.jpg,515,Lucanidae
46,637_0.jpg,637,Scarabaeidae
47,690_0.jpg,690,Curculionidae
48,793_0.jpg,793,Lucanidae
49,117_0.jpg,117,Carabidae
50,820_0.jpg,820,Lucanidae
51,758_5.jpg,758,Cetoniidae
52,1422_0.jpg,1422,Cerambycidae
53,995_0.jpg,995,Cicindelidae
54,401_0.jpg,401,Buprestidae
55,781_0.jpg,781,Cetoniidae
56,496_1.jpg,496,Cerambycidae
57,52_0.jpg,52,Scarabaeidae
58,461_3.jpg,461,Carabidae
59,1117_0.jpg,1117,Cerambycidae
60,743_1.jpg,743,Scarabaeidae
61,539_0.jpg,539,Lucanidae
62,1574_0.jpg,1574,Cerambycidae
63,1147_0.jpg,1147,Lucanidae
64,991_0.jpg,991,Cerambycidae
65,356_2.jpg,356,Buprestidae
66,755_0.jpg,755,Dynastidae
67,638_0.jpg,638,Cerambycidae
68,635_0.jpg,635,Dynastidae
69,1492_0.jpg,1492,Cetoniidae
70,805_0.jpg,805,Lucanidae
71,937_0.jpg,937,Lucanidae
72,113_0.jpg,113,Cerambycidae
73,1016_0.jpg,1016,Buprestidae
74,1531_0.jpg,1531,Cerambycidae
75,563_0.jpg,563,Buprestidae
76,1031_0.jpg,1031,Dynastidae
77,1270_0.jpg,1270,Cerambycidae
78,222_0.jpg,222,Buprestidae
79,1198_0.jpg,1198,Dynastidae
80,1062_0.jpg,1062,Lucanidae
81,59_0.jpg,59,Cerambycidae
82,135_1.jpg,135,Cerambycidae
83,960_1.jpg,960,Lucanidae
84,938_1.jpg,938,Lucanidae
85,787_0.jpg,787,Cetoniidae
86,763_0.jpg,763,Cetoniidae
87,1428_1.jpg,1428,Cerambycidae
88,1073_0.jpg,1073,Lucanidae
89,467_0.jpg,467,Carabidae
90,795_0.jpg,795,Lucanidae
91,1237_0.jpg,1237,Cerambycidae
92,1420_0.jpg,1420,Scarabaeidae
93,486_0.jpg,486,Carabidae
94,1278_0.jpg,1278,Cetoniidae
95,65_1.jpg,65,Cerambycidae
96,1445_0.jpg,1445,Lucanidae
97,1481_0.jpg,1481,Cerambycidae
98,1307_0.jpg,1307,Cetoniidae
99,682_11.jpg,682,Attelabidae
100,398_3.jpg,398,Buprestidae
101,1111_0.jpg,1111,Lucanidae
102,1359_0.jpg,1359,Lucanidae
103,398_6.jpg,398,Buprestidae
104,1397_0.jpg,1397,Cerambycidae
105,308_0.jpg,308,Cerambycidae
106,1260_0.jpg,1260,Cerambycidae
107,918_3.jpg,918,Lucanidae
108,666_0.jpg,666,Cetoniidae
109,843_0.jpg,843,Cetoniidae
110,470_0.jpg,470,Carabidae
111,211_0.jpg,211,Cerambycidae
112,285_0.jpg,285,Carabidae
113,278_0.jpg,278,Carabidae
114,1605_0.jpg,1605,Buprestidae
115,1201_1.jpg,1201,Scarabaeidae
116,300_0.jpg,300,Dynastidae
117,732_0.jpg,732,Cetoniidae
118,33_0.jpg,33,Cerambycidae
119,624_0.jpg,624,Dynastidae
120,735_0.jpg,735,Cetoniidae
121,1038_0.jpg,1038,Dynastidae
122,698_0.jpg,698,Curculionidae
123,1518_0.jpg,1518,Buprestidae
124,398_4.jpg,398,Buprestidae
125,1024_0.jpg,1024,Buprestidae
126,1067_0.jpg,1067,Lucanidae
127,1018_0.jpg,1018,Buprestidae
128,38_0.jpg,38,Dynastidae
129,194_0.jpg,194,Cetoniidae
130,141_0.jpg,141,Cerambycidae
131,1613_0.jpg,1613,Buprestidae
132,907_1.jpg,907,Cetoniidae
133,1246_0.jpg,1246,Dynastidae
134,657_0.jpg,657,Cetoniidae
135,1017_0.jpg,1017,Buprestidae
136,1540_0.jpg,1540,Cerambycidae
137,1026_4.jpg,1026,Scarabaeidae
138,1444_0.jpg,1444,Lucanidae
139,834_0.jpg,834,Cerambycidae
140,1137_0.jpg,1137,Lucanidae
141,343_0.jpg,343,Cerambycidae
142,713_1.jpg,713,Curculionidae
143,1387_0.jpg,1387,Lucanidae
144,1136_1.jpg,1136,Lucanidae
145,340_0.jpg,340,Cerambycidae
146,629_1.jpg,629,Dynastidae
147,368_0.jpg,368,Buprestidae
148,205_0.jpg,205,Lucanidae
149,827_1.jpg,827,Vesperidae
150,1050_0.jpg,1050,Buprestidae
151,1509_1.jpg,1509,Buprestidae
152,1211_0.jpg,1211,Cerambycidae
153,466_0.jpg,466,Carabidae
154,733_0.jpg,733,Cetoniidae
155,1528_0.jpg,1528,Cerambycidae
156,261_0.jpg,261,Dynastidae
157,550_1.jpg,550,Buprestidae
158,110_0.jpg,110,Cerambycidae
159,838_1.jpg,838,Cetoniidae
160,1125_0.jpg,1125,Lucanidae
161,967_1.jpg,967,Lucanidae
162,926_0.jpg,926,Lucanidae
163,1414_1.jpg,1414,Cerambycidae
164,1160_0.jpg,1160,Lucanidae
165,1326_0.jpg,1326,Buprestidae
166,1090_0.jpg,1090,Carabidae
167,322_0.jpg,322,Lucanidae
168,849_0.jpg,849,Cetoniidae
169,274_0.jpg,274,Carabidae
170,492_0.jpg,492,Cerambycidae
171,1528_1.jpg,1528,Cerambycidae
172,1451_0.jpg,1451,Lucanidae
173,501_0.jpg,501,Lucanidae
174,595_0.jpg,595,Cerambycidae
175,429_0.jpg,429,Cetoniidae
176,1512_0.jpg,1512,Buprestidae
177,1363_1.jpg,1363,Cerambycidae
178,382_0.jpg,382,Buprestidae
179,416_1.jpg,416,Lucanidae
180,824_0.jpg,824,Cerambycidae
181,421_0.jpg,421,Buprestidae
182,758_4.jpg,758,Cetoniidae
183,323_0.jpg,323,Lucanidae
184,831_2.jpg,831,Scarabaeidae
185,105_2.jpg,105,Cetoniidae
186,1622_0.jpg,1622,Buprestidae
187,958_1.jpg,958,Lucanidae
188,529_0.jpg,529,Lucanidae
189,1405_1.jpg,1405,Lucanidae
190,414_0.jpg,414,Lucanidae
191,1547_1.jpg,1547,Buprestidae
192,156_0.jpg,156,Cerambycidae
193,1192_0.jpg,1192,Scarabaeidae
194,1029_0.jpg,1029,Cetoniidae
195,1413_0.jpg,1413,Cerambycidae
196,487_0.jpg,487,Cerambycidae
197,1542_0.jpg,1542,Cerambycidae
198,190_0.jpg,190,Cerambycidae
199,619_0.jpg,619,Cerambycidae
200,523_2.jpg,523,Lucanidae
201,546_0.jpg,546,Buprestidae
202,710_1.jpg,710,Curculionidae
203,1438_0.jpg,1438,Lucanidae
204,968_0.jpg,968,Lucanidae
205,1213_0.jpg,1213,Cerambycidae
206,299_2.jpg,299,Dynastidae
207,1369_1.jpg,1369,Cetoniidae
208,1442_0.jpg,1442,Lucanidae
209,1312_0.jpg,1312,Cetoniidae
210,702_0.jpg,702,Curculionidae
211,1113_0.jpg,1113,Lucanidae
212,928_0.jpg,928,Lucanidae
213,494_0.jpg,494,Carabidae
214,728_0.jpg,728,Cetoniidae
215,108_0.jpg,108,Cerambycidae
216,554_0.jpg,554,Buprestidae
217,687_0.jpg,687,Dynastidae
218,1406_1.jpg,1406,Lucanidae
219,1527_0.jpg,1527,Cerambycidae
220,62_0.jpg,62,Cetoniidae
221,245_0.jpg,245,Lucanidae
222,1163_0.jpg,1163,Lucanidae
223,160_0.jpg,160,Cerambycidae
224,1643_0.jpg,1643,Anthribidae
225,890_0.jpg,890,Lucanidae
226,1545_0.jpg,1545,Buprestidae
227,1649_0.jpg,1649,Cetoniidae
228,967_0.jpg,967,Lucanidae
229,1495_0.jpg,1495,Buprestidae
230,822_3.jpg,822,Cerambycidae
231,639_0.jpg,639,Curculionidae
232,797_1.jpg,797,Lucanidae
233,1538_0.jpg,1538,Cerambycidae
234,1020_0.jpg,1020,Buprestidae
235,338_1.jpg,338,Cerambycidae
236,123_0.jpg,123,Cerambycidae
237,1219_0.jpg,1219,Cetoniidae
238,472_0.jpg,472,Carabidae
239,870_0.jpg,870,Scarabaeidae
240,126_0.jpg,126,Cerambycidae
241,515_3.jpg,515,Lucanidae
242,1048_0.jpg,1048,Buprestidae
243,992_1.jpg,992,Cerambycidae
244,627_1.jpg,627,Dynastidae
245,1056_1.jpg,1056,Lucanidae
246,817_1.jpg,817,Cerambycidae
247,785_1.jpg,785,Cetoniidae
248,517_0.jpg,517,Lucanidae
249,1206_0.jpg,1206,Cerambycidae
250,927_1.jpg,927,Lucanidae
251,21_0.jpg,21,Lucanidae
252,1297_0.jpg,1297,Cetoniidae
253,510_3.jpg,510,Lucanidae
254,253_0.jpg,253,Buprestidae
255,56_0.jpg,56,Lucanidae
256,1135_0.jpg,1135,Lucanidae
257,456_0.jpg,456,Carabidae
258,310_0.jpg,310,Cetoniidae
259,1386_0.jpg,1386,Lucanidae
260,358_0.jpg,358,Buprestidae
261,1536_0.jpg,1536,Cerambycidae
262,92_0.jpg,92,Buprestidae
263,1365_1.jpg,1365,Cerambycidae
264,1318_1.jpg,1318,Cetoniidae
265,1408_0.jpg,1408,Cerambycidae
266,513_1.jpg,513,Lucanidae
267,314_0.jpg,314,Cetoniidae
268,230_0.jpg,230,Buprestidae
269,1086_0.jpg,1086,Carabidae
270,908_0.jpg,908,Cetoniidae
271,350_0.jpg,350,Cetoniidae
272,852_0.jpg,852,Cetoniidae
273,1207_0.jpg,1207,Cerambycidae
274,220_0.jpg,220,Cetoniidae
275,273_1.jpg,273,Carabidae
276,569_0.jpg,569,Cetoniidae
277,1295_0.jpg,1295,Cetoniidae
278,917_1.jpg,917,Lucanidae
279,396_0.jpg,396,Buprestidae
280,282_0.jpg,282,Carabidae
281,559_0.jpg,559,Buprestidae
282,615_0.jpg,615,Cerambycidae
283,1103_0.jpg,1103,Cerambycidae
284,305_0.jpg,305,Cetoniidae
285,313_0.jpg,313,Cetoniidae
286,1479_1.jpg,1479,Lucanidae
287,1191_1.jpg,1191,Scarabaeidae
288,1377_0.jpg,1377,Lucanidae
289,441_3.jpg,441,Carabidae
290,433_0.jpg,433,Buprestidae
291,837_0.jpg,837,Cetoniidae
292,905_0.jpg,905,Cetoniidae
293,258_0.jpg,258,Cerambycidae
294,60_0.jpg,60,Cerambycidae
295,528_3.jpg,528,Lucanidae
296,1491_1.jpg,1491,Cetoniidae
297,1327_0.jpg,1327,Buprestidae
298,1551_0.jpg,1551,Dynastidae
299,1108_0.jpg,1108,Lucanidae
300,1042_0.jpg,1042,Dynastidae
301,700_1.jpg,700,Curculionidae
302,1180_0.jpg,1180,Cerambycidae
303,1342_0.jpg,1342,Cerambycidae
304,984_0.jpg,984,Cerambycidae
305,89_0.jpg,89,Cerambycidae
306,1072_1.jpg,1072,Lucanidae
307,886_2.jpg,886,Buprestidae
308,338_0.jpg,338,Cerambycidae
309,988_0.jpg,988,Cerambycidae
310,1351_0.jpg,1351,Carabidae
311,1185_2.jpg,1185,Dynastidae
312,137_0.jpg,137,Cerambycidae
313,682_0.jpg,682,Attelabidae
314,756_0.jpg,756,Cerambycidae
315,1314_0.jpg,1314,Cetoniidae
316,531_0.jpg,531,Lucanidae
317,813_0.jpg,813,Dynastidae
318,436_0.jpg,436,Carabidae
319,1488_1.jpg,1488,Cetoniidae
320,1087_0.jpg,1087,Cetoniidae
321,677_0.jpg,677,Anthribidae
322,580_0.jpg,580,Carabidae
323,965_1.jpg,965,Lucanidae
324,438_0.jpg,438,Carabidae
325,1647_0.jpg,1647,Cetoniidae
326,455_0.jpg,455,Carabidae
327,1570_0.jpg,1570,Cerambycidae
328,61_0.jpg,61,Cerambycidae
329,1564_1.jpg,1564,Scarabaeidae
330,765_0.jpg,765,Cetoniidae
331,346_1.jpg,346,Buprestidae
332,575_0.jpg,575,Dryophthoridae
333,682_6.jpg,682,Attelabidae
334,331_0.jpg,331,Cerambycidae
335,1581_0.jpg,1581,Buprestidae
336,543_0.jpg,543,Cerambycidae
337,889_0.jpg,889,Lucanidae
338,1244_1.jpg,1244,Cerambycidae
339,887_1.jpg,887,Lucanidae
340,277_0.jpg,277,Carabidae
341,572_0.jpg,572,Cetoniidae
342,798_0.jpg,798,Lucanidae
343,1107_0.jpg,1107,Lucanidae
344,1068_1.jpg,1068,Lucanidae
345,978_1.jpg,978,Lucanidae
346,379_0.jpg,379,Buprestidae
347,879_0.jpg,879,Scarabaeidae
348,167_0.jpg,167,Cerambycidae
349,785_0.jpg,785,Cetoniidae
350,1646_0.jpg,1646,Cetoniidae
351,543_1.jpg,543,Cerambycidae
352,965_0.jpg,965,Lucanidae
353,564_0.jpg,564,Buprestidae
354,1467_0.jpg,1467,Lucanidae
355,730_0.jpg,730,Cerambycidae
356,962_2.jpg,962,Lucanidae
357,759_0.jpg,759,Cetoniidae
358,1485_1.jpg,1485,Dynastidae
359,1105_0.jpg,1105,Cerambycidae
360,1068_0.jpg,1068,Lucanidae
361,633_0.jpg,633,Dynastidae
362,860_0.jpg,860,Buprestidae
363,169_0.jpg,169,Cerambycidae
364,842_2.jpg,842,Cetoniidae
365,157_0.jpg,157,Cerambycidae
366,1185_0.jpg,1185,Dynastidae
367,1635_0.jpg,1635,Cerambycidae
368,1594_0.jpg,1594,Buprestidae
369,1598_1.jpg,1598,Buprestidae
370,935_0.jpg,935,Lucanidae
371,515_0.jpg,515,Lucanidae
372,1330_0.jpg,1330,Buprestidae
373,452_0.jpg,452,Carabidae
374,1100_1.jpg,1100,Cerambycidae
375,1645_0.jpg,1645,Cetoniidae
376,527_1.jpg,527,Lucanidae
377,926_1.jpg,926,Lucanidae
378,120_0.jpg,120,Carabidae
379,476_0.jpg,476,Carabidae
380,147_0.jpg,147,Cerambycidae
381,1369_0.jpg,1369,Cetoniidae
382,1349_0.jpg,1349,Cerambycidae
383,364_0.jpg,364,Buprestidae
384,474_0.jpg,474,Carabidae
385,235_0.jpg,235,Carabidae
386,1631_0.jpg,1631,Cetoniidae
387,153_1.jpg,153,Cerambycidae
388,551_0.jpg,551,Buprestidae
389,1122_0.jpg,1122,Cetoniidae
390,1367_1.jpg,1367,Cerambycidae
391,1230_0.jpg,1230,Cetoniidae
392,909_0.jpg,909,Cetoniidae
393,910_1.jpg,910,Cetoniidae
394,722_0.jpg,722,Cerambycidae
395,1055_0.jpg,1055,Lucanidae
396,1619_0.jpg,1619,Buprestidae
397,1365_0.jpg,1365,Cerambycidae
398,1590_0.jpg,1590,Buprestidae
399,192_0.jpg,192,Lucanidae
400,254_0.jpg,254,Buprestidae
401,868_0.jpg,868,Cetoniidae
402,790_1.jpg,790,Cerambycidae
403,1240_4.jpg,1240,Lucanidae
404,1506_0.jpg,1506,Buprestidae
405,1541_2.jpg,1541,Cerambycidae
406,1335_0.jpg,1335,Buprestidae
407,1583_0.jpg,1583,Buprestidae
408,417_0.jpg,417,Lucanidae
409,1025_2.jpg,1025,Buprestidae
410,1544_1.jpg,1544,Buprestidae
411,1566_0.jpg,1566,Scarabaeidae
412,471_1.jpg,471,Carabidae
413,1067_1.jpg,1067,Lucanidae
414,1589_1.jpg,1589,Buprestidae
415,1456_0.jpg,1456,Lucanidae
416,496_0.jpg,496,Cerambycidae
417,1589_0.jpg,1589,Buprestidae
418,418_0.jpg,418,Lucanidae
419,739_0.jpg,739,Cetoniidae
420,1319_0.jpg,1319,Cetoniidae
421,10_0.jpg,10,Buprestidae
422,197_0.jpg,197,Cetoniidae
423,507_0.jpg,507,Lucanidae
424,367_0.jpg,367,Buprestidae
425,907_0.jpg,907,Cetoniidae
426,647_0.jpg,647,Cerambycidae
427,1416_0.jpg,1416,Cerambycidae
428,405_0.jpg,405,Buprestidae
429,1628_0.jpg,1628,Cetoniidae
430,1326_1.jpg,1326,Buprestidae
431,1636_0.jpg,1636,Cerambycidae
432,459_0.jpg,459,Carabidae
433,339_0.jpg,339,Cerambycidae
434,948_1.jpg,948,Lucanidae
435,1370_0.jpg,1370,Cetoniidae
436,1209_0.jpg,1209,Cerambycidae
437,98_0.jpg,98,Cerambycidae
438,1329_1.jpg,1329,Buprestidae
439,612_0.jpg,612,Cerambycidae
440,440_0.jpg,440,Carabidae
441,1142_0.jpg,1142,Lucanidae
442,1220_0.jpg,1220,Cetoniidae
443,22_0.jpg,22,Dynastidae
444,641_0.jpg,641,Curculionidae
445,1459_0.jpg,1459,Lucanidae
446,830_0.jpg,830,Buprestidae
447,535_0.jpg,535,Lucanidae
448,1647_1.jpg,1647,Cetoniidae
449,301_0.jpg,301,Cetoniidae
450,1514_0.jpg,1514,Buprestidae
451,1098_1.jpg,1098,Cerambycidae
452,1488_0.jpg,1488,Cetoniidae
453,482_0.jpg,482,Carabidae
454,880_0.jpg,880,Scarabaeidae
455,1375_0.jpg,1375,Cerambycidae
456,244_0.jpg,244,Lucanidae
457,1441_0.jpg,1441,Lucanidae
458,1067_2.jpg,1067,Lucanidae
459,1559_0.jpg,1559,Scarabaeidae
460,510_1.jpg,510,Lucanidae
461,1100_0.jpg,1100,Cerambycidae
462,508_0.jpg,508,Lucanidae
463,127_0.jpg,127,Lucanidae
464,702_2.jpg,702,Curculionidae
465,1320_0.jpg,1320,Cetoniidae
466,203_0.jpg,203,Lucanidae
467,982_0.jpg,982,Lucanidae
468,106_0.jpg,106,Cerambycidae
469,1231_0.jpg,1231,Cerambycidae
470,497_0.jpg,497,Cerambycidae
471,669_0.jpg,669,Cetoniidae
472,823_0.jpg,823,Cerambycidae
473,1475_0.jpg,1475,Lucanidae
474,388_0.jpg,388,Buprestidae
475,1101_1.jpg,1101,Cerambycidae
476,1132_0.jpg,1132,Lucanidae
477,1530_0.jpg,1530,Cerambycidae
478,1234_0.jpg,1234,Cetoniidae
479,745_0.jpg,745,Scarabaeidae
480,1578_0.jpg,1578,Buprestidae
481,953_2.jpg,953,Lucanidae
482,1573_0.jpg,1573,Cetoniidae
483,776_0.jpg,776,Lucanidae
484,1000_5.jpg,1000,Cerambycidae
485,400_0.jpg,400,Buprestidae
486,806_0.jpg,806,Lucanidae
487,178_2.jpg,178,Cerambycidae
488,704_0.jpg,704,Curculionidae
489,553_0.jpg,553,Buprestidae
490,628_0.jpg,628,Dynastidae
491,509_0.jpg,509,Lucanidae
492,985_1.jpg,985,Cerambycidae
493,266_1.jpg,266,Carabidae
494,270_1.jpg,270,Carabidae
495,1062_1.jpg,1062,Lucanidae
496,775_1.jpg,775,Lucanidae
497,7_1.jpg,7,Cerambycidae
498,437_0.jpg,437,Carabidae
499,594_0.jpg,594,Scarabaeidae
500,580_1.jpg,580,Carabidae
501,107_1.jpg,107,Cerambycidae
502,1487_0.jpg,1487,Cetoniidae
503,1161_0.jpg,1161,Lucanidae
504,1457_0.jpg,1457,Lucanidae
505,93_0.jpg,93,Carabidae
506,987_0.jpg,987,Cerambycidae
507,1498_0.jpg,1498,Buprestidae
508,1033_0.jpg,1033,Dynastidae
509,256_0.jpg,256,Cetoniidae
510,648_0.jpg,648,Cetoniidae
511,317_1.jpg,317,Cerambycidae
512,706_0.jpg,706,Curculionidae
513,1513_0.jpg,1513,Buprestidae
514,1511_0.jpg,1511,Buprestidae
515,264_0.jpg,264,Carabidae
516,1261_0.jpg,1261,Cerambycidae
517,643_0.jpg,643,Curculionidae
518,404_0.jpg,404,Buprestidae
519,393_0.jpg,393,Buprestidae
520,233_0.jpg,233,Buprestidae
521,476_1.jpg,476,Carabidae
522,1187_1.jpg,1187,Dynastidae
523,206_0.jpg,206,Lucanidae
524,1336_0.jpg,1336,Buprestidae
525,913_0.jpg,913,Lucanidae
526,1061_1.jpg,1061,Lucanidae
527,1466_1.jpg,1466,Lucanidae
528,630_0.jpg,630,Dynastidae
529,1106_0.jpg,1106,Cerambycidae
530,223_3.jpg,223,Cerambycidae
531,914_0.jpg,914,Lucanidae
532,385_0.jpg,385,Buprestidae
533,792_1.jpg,792,Lucanidae
534,262_0.jpg,262,Carabidae
535,1292_0.jpg,1292,Cetoniidae
536,1474_0.jpg,1474,Lucanidae
537,96_0.jpg,96,Carabidae
538,1007_0.jpg,1007,Cetoniidae
539,1541_1.jpg,1541,Cerambycidae
540,51_0.jpg,51,Buprestidae
541,1116_0.jpg,1116,Cerambycidae
542,319_0.jpg,319,Cetoniidae
543,166_0.jpg,166,Cerambycidae
544,1009_0.jpg,1009,Cerambycidae
545,1651_0.jpg,1651,Dynastidae
546,1071_1.jpg,1071,Lucanidae
547,1664_0.jpg,1664,Cerambycidae
548,154_0.jpg,154,Cerambycidae
549,1324_0.jpg,1324,Buprestidae
550,934_0.jpg,934,Lucanidae
551,365_0.jpg,365,Buprestidae
552,811_1.jpg,811,Lucanidae
553,1532_1.jpg,1532,Cerambycidae
554,1191_0.jpg,1191,Scarabaeidae
555,627_3.jpg,627,Dynastidae
556,707_0.jpg,707,Curculionidae
557,1289_0.jpg,1289,Cetoniidae
558,1273_0.jpg,1273,Cerambycidae
559,1402_0.jpg,1402,Dryophthoridae
560,959_0.jpg,959,Lucanidae
561,59_1.jpg,59,Cerambycidae
562,315_0.jpg,315,Cetoniidae
563,552_0.jpg,552,Buprestidae
564,1310_1.jpg,1310,Cetoniidae
565,662_0.jpg,662,Cetoniidae
566,18_1.jpg,18,Carabidae
567,1388_0.jpg,1388,Lucanidae
568,529_1.jpg,529,Lucanidae
569,1216_0.jpg,1216,Cerambycidae
570,923_1.jpg,923,Lucanidae
571,1584_0.jpg,1584,Buprestidae
572,819_0.jpg,819,Cerambycidae
573,1250_0.jpg,1250,Lucanidae
574,1544_0.jpg,1544,Buprestidae
575,198_0.jpg,198,Lucanidae
576,742_0.jpg,742,Cetoniidae
577,371_0.jpg,371,Buprestidae
578,1391_1.jpg,1391,Lucanidae
579,366_0.jpg,366,Buprestidae
580,1258_0.jpg,1258,Cerambycidae
581,444_0.jpg,444,Carabidae
582,862_0.jpg,862,Buprestidae
583,11_0.jpg,11,Buprestidae
584,491_0.jpg,491,Cerambycidae
585,1562_0.jpg,1562,Scarabaeidae
586,1419_0.jpg,1419,Dynastidae
587,1546_0.jpg,1546,Buprestidae
588,312_0.jpg,312,Cetoniidae
589,1391_0.jpg,1391,Lucanidae
590,1640_0.jpg,1640,Dryophthoridae
591,768_0.jpg,768,Dynastidae
592,130_0.jpg,130,Cerambycidae
593,1604_0.jpg,1604,Buprestidae
594,1166_0.jpg,1166,Lucanidae
595,109_0.jpg,109,Cerambycidae
596,1001_0.jpg,1001,Cetoniidae
597,334_0.jpg,334,Cerambycidae
598,263_1.jpg,263,Carabidae
599,1034_0.jpg,1034,Dynastidae
600,1493_0.jpg,1493,Cetoniidae
601,1482_2.jpg,1482,Cerambycidae
602,214_0.jpg,214,Cerambycidae
603,1559_1.jpg,1559,Scarabaeidae
604,800_0.jpg,800,Lucanidae
605,901_0.jpg,901,Cerambycidae
606,199_0.jpg,199,Lucanidae
607,994_1.jpg,994,Cerambycidae
608,582_0.jpg,582,Carabidae
609,1660_1.jpg,1660,Cetoniidae
610,584_0.jpg,584,Carabidae
611,7_0.jpg,7,Cerambycidae
612,407_0.jpg,407,Buprestidae
613,1190_0.jpg,1190,Scarabaeidae
614,1464_0.jpg,1464,Lucanidae
615,481_0.jpg,481,Carabidae
616,1593_0.jpg,1593,Buprestidae
617,961_0.jpg,961,Lucanidae
618,634_1.jpg,634,Buprestidae
619,1153_0.jpg,1153,Lucanidae
620,1097_0.jpg,1097,Cerambycidae
621,1572_0.jpg,1572,Carabidae
622,995_1.jpg,995,Cicindelidae
623,919_0.jpg,919,Lucanidae
624,330_0.jpg,330,Cerambycidae
625,1096_0.jpg,1096,Cerambycidae
626,1158_0.jpg,1158,Lucanidae
627,348_0.jpg,348,Buprestidae
628,352_0.jpg,352,Cetoniidae
629,171_0.jpg,171,Cerambycidae
630,1269_0.jpg,1269,Cetoniidae
631,1225_0.jpg,1225,Buprestidae
632,1118_0.jpg,1118,Cetoniidae
633,783_0.jpg,783,Cetoniidae
634,359_0.jpg,359,Buprestidae
635,1473_0.jpg,1473,Lucanidae
636,1218_0.jpg,1218,Carabidae
637,674_0.jpg,674,Cetoniidae
638,962_3.jpg,962,Lucanidae
639,502_1.jpg,502,Lucanidae
640,1508_0.jpg,1508,Buprestidae
641,1571_0.jpg,1571,Cetoniidae
642,1305_0.jpg,1305,Cetoniidae
643,183_0.jpg,183,Buprestidae
644,70_0.jpg,70,Cetoniidae
645,357_0.jpg,357,Buprestidae
646,103_1.jpg,103,Cerambycidae
647,840_0.jpg,840,Cetoniidae
648,894_0.jpg,894,Buprestidae
649,41_0.jpg,41,Dynastidae
650,1678_2.jpg,1678,Dynastidae
651,478_0.jpg,478,Carabidae
652,228_0.jpg,228,Buprestidae
653,275_1.jpg,275,Carabidae
654,746_0.jpg,746,Cerambycidae
655,1049_0.jpg,1049,Buprestidae
656,1549_0.jpg,1549,Buprestidae
657,942_0.jpg,942,Lucanidae
658,1197_0.jpg,1197,Cetoniidae
659,1459_1.jpg,1459,Lucanidae
660,693_0.jpg,693,Curculionidae
661,1071_0.jpg,1071,Lucanidae
662,97_0.jpg,97,Carabidae
663,247_0.jpg,247,Lucanidae
664,473_0.jpg,473,Carabidae
665,1477_0.jpg,1477,Lucanidae
666,1599_0.jpg,1599,Buprestidae
667,305_1.jpg,305,Cetoniidae
668,44_0.jpg,44,Cetoniidae
669,104_0.jpg,104,Cetoniidae
670,197_1.jpg,197,Cetoniidae
671,1245_0.jpg,1245,Cerambycidae
672,1667_5.jpg,1667,Lucanidae
673,1644_0.jpg,1644,Anthribidae
674,265_0.jpg,265,Carabidae
675,1167_0.jpg,1167,Lucanidae
676,361_0.jpg,361,Buprestidae
677,297_0.jpg,297,Cetoniidae
678,1632_0.jpg,1632,Cetoniidae
679,1462_0.jpg,1462,Lucanidae
680,1115_0.jpg,1115,Cetoniidae
681,209_0.jpg,209,Lucanidae
682,950_1.jpg,950,Lucanidae
683,1044_0.jpg,1044,Scarabaeidae
684,505_0.jpg,505,Lucanidae
685,1171_0.jpg,1171,Lucanidae
686,702_1.jpg,702,Curculionidae
687,1190_1.jpg,1190,Scarabaeidae
688,821_0.jpg,821,Lucanidae
689,918_2.jpg,918,Lucanidae
690,1604_1.jpg,1604,Buprestidae
691,1523_0.jpg,1523,Buprestidae
692,1517_2.jpg,1517,Buprestidae
693,1401_0.jpg,1401,Dryophthoridae
694,1045_0.jpg,1045,Buprestidae
695,259_0.jpg,259,Cetoniidae
696,632_0.jpg,632,Dynastidae
697,1449_0.jpg,1449,Lucanidae
698,1008_0.jpg,1008,Dynastidae
699,238_0.jpg,238,Carabidae
700,1350_0.jpg,1350,Cerambycidae
701,1279_0.jpg,1279,Cetoniidae
702,1321_0.jpg,1321,Cetoniidae
703,1240_1.jpg,1240,Lucanidae
704,225_0.jpg,225,Cerambycidae
705,114_0.jpg,114,Cerambycidae
706,1471_1.jpg,1471,Lucanidae
707,1421_0.jpg,1421,Cerambycidae
708,309_0.jpg,309,Cetoniidae
709,1085_0.jpg,1085,Carabidae
710,1565_0.jpg,1565,Scarabaeidae
711,1574_1.jpg,1574,Cerambycidae
712,1337_0.jpg,1337,Buprestidae
713,1410_0.jpg,1410,Cerambycidae
714,1433_0.jpg,1433,Cerambycidae
715,1159_0.jpg,1159,Lucanidae
716,1497_0.jpg,1497,Buprestidae
717,731_0.jpg,731,Cerambycidae
718,1432_0.jpg,1432,Cerambycidae
719,458_0.jpg,458,Carabidae
720,1135_1.jpg,1135,Lucanidae
721,372_0.jpg,372,Buprestidae
722,24_0.jpg,24,Lucanidae
723,1184_0.jpg,1184,Dynastidae
724,1216_1.jpg,1216,Cerambycidae
725,398_1.jpg,398,Buprestidae
726,398_0.jpg,398,Buprestidae
727,173_0.jpg,173,Cerambycidae
728,121_0.jpg,121,Cerambycidae
729,119_0.jpg,119,Carabidae
730,398_7.jpg,398,Buprestidae
731,1528_2.jpg,1528,Cerambycidae
732,1618_0.jpg,1618,Buprestidae
733,128_0.jpg,128,Lucanidae
734,778_0.jpg,778,Cetoniidae
735,1254_0.jpg,1254,Cerambycidae
736,107_0.jpg,107,Cerambycidae
737,1392_0.jpg,1392,Lucanidae
738,1567_0.jpg,1567,Scarabaeidae
739,1023_0.jpg,1023,Buprestidae
740,363_0.jpg,363,Buprestidae
741,691_0.jpg,691,Curculionidae
742,1534_0.jpg,1534,Cerambycidae
743,1629_0.jpg,1629,Cetoniidae
744,623_2.jpg,623,Dynastidae
745,471_0.jpg,471,Carabidae
746,1650_0.jpg,1650,Cetoniidae
747,1156_0.jpg,1156,Lucanidae
748,280_0.jpg,280,Carabidae
749,1221_0.jpg,1221,Cetoniidae
750,460_0.jpg,460,Carabidae
751,1195_0.jpg,1195,Cetoniidae
752,1328_0.jpg,1328,Buprestidae
753,124_0.jpg,124,Cerambycidae
754,1057_0.jpg,1057,Lucanidae
755,1402_1.jpg,1402,Dryophthoridae
756,375_0.jpg,375,Buprestidae
757,825_0.jpg,825,Cerambycidae
758,1114_0.jpg,1114,Lucanidae
759,426_0.jpg,426,Lucanidae
760,1223_0.jpg,1223,Cetoniidae
761,432_0.jpg,432,Buprestidae
762,618_0.jpg,618,Lucanidae
763,925_0.jpg,925,Lucanidae
764,1296_0.jpg,1296,Cetoniidae
765,1482_0.jpg,1482,Cerambycidae
766,181_0.jpg,181,Cerambycidae
767,1173_0.jpg,1173,Lucanidae
768,951_0.jpg,951,Lucanidae
769,296_0.jpg,296,Cetoniidae
770,299_0.jpg,299,Dynastidae
771,176_0.jpg,176,Cerambycidae
772,566_0.jpg,566,Buprestidae
773,1020_2.jpg,1020,Buprestidae
774,111_0.jpg,111,Cerambycidae
775,1490_0.jpg,1490,Cetoniidae
776,847_0.jpg,847,Cetoniidae
777,224_0.jpg,224,Cerambycidae
778,1603_0.jpg,1603,Buprestidae
779,316_0.jpg,316,Cerambycidae
780,50_0.jpg,50,Cerambycidae
781,436_1.jpg,436,Carabidae
782,343_1.jpg,343,Cerambycidae
783,1381_1.jpg,1381,Buprestidae
784,1062_2.jpg,1062,Lucanidae
785,794_2.jpg,794,Lucanidae
786,1253_0.jpg,1253,Cerambycidae
787,658_0.jpg,658,Cetoniidae
788,159_0.jpg,159,Cerambycidae
789,49_0.jpg,49,Cetoniidae
790,1617_0.jpg,1617,Buprestidae
791,1500_0.jpg,1500,Buprestidae
792,936_1.jpg,936,Lucanidae
793,397_0.jpg,397,Buprestidae
794,514_1.jpg,514,Lucanidae
795,16_0.jpg,16,Carabidae
796,1658_0.jpg,1658,Cetoniidae
797,510_0.jpg,510,Lucanidae
798,919_2.jpg,919,Lucanidae
799,1415_0.jpg,1415,Cerambycidae
800,48_0.jpg,48,Cetoniidae
801,1121_0.jpg,1121,Cetoniidae
802,328_0.jpg,328,Lucanidae
803,144_1.jpg,144,Cerambycidae
804,557_0.jpg,557,Buprestidae
805,976_2.jpg,976,Lucanidae
806,325_0.jpg,325,Lucanidae
807,1350_1.jpg,1350,Cerambycidae
808,1243_0.jpg,1243,Scarabaeidae
809,1621_0.jpg,1621,Buprestidae
810,1630_0.jpg,1630,Cetoniidae
811,408_0.jpg,408,Buprestidae
812,346_0.jpg,346,Buprestidae
813,943_0.jpg,943,Lucanidae
814,1334_0.jpg,1334,Buprestidae
815,547_0.jpg,547,Buprestidae
816,1394_0.jpg,1394,Cetoniidae
817,1476_0.jpg,1476,Lucanidae
818,451_1.jpg,451,Carabidae
819,399_0.jpg,399,Buprestidae
820,850_0.jpg,850,Cetoniidae
821,514_2.jpg,514,Lucanidae
822,1037_0.jpg,1037,Dynastidae
823,1224_0.jpg,1224,Cetoniidae
824,716_2.jpg,716,Curculionidae
825,448_0.jpg,448,Carabidae
826,1560_0.jpg,1560,Scarabaeidae
827,1222_0.jpg,1222,Cetoniidae
828,911_0.jpg,911,Lucanidae
829,304_1.jpg,304,Dynastidae
830,701_0.jpg,701,Curculionidae
831,891_0.jpg,891,Curculionidae
832,1623_0.jpg,1623,Buprestidae
833,1510_0.jpg,1510,Buprestidae
834,1304_0.jpg,1304,Cetoniidae
835,302_0.jpg,302,Dynastidae
836,670_0.jpg,670,Cetoniidae
837,1271_1.jpg,1271,Cetoniidae
838,215_0.jpg,215,Cerambycidae
839,1097_1.jpg,1097,Cerambycidae
840,208_0.jpg,208,Lucanidae
841,1411_0.jpg,1411,Cerambycidae
842,1266_0.jpg,1266,Cerambycidae
843,1484_0.jpg,1484,Dynastidae
844,1241_0.jpg,1241,Lucanidae
845,1099_1.jpg,1099,Cerambycidae
846,1358_0.jpg,1358,Cerambycidae
847,981_0.jpg,981,Dryophthoridae
848,614_0.jpg,614,Cerambycidae
849,682_8.jpg,682,Attelabidae
850,1423_1.jpg,1423,Cerambycidae
851,1302_0.jpg,1302,Cetoniidae
852,655_0.jpg,655,Scarabaeidae
853,1299_0.jpg,1299,Cetoniidae
854,504_0.jpg,504,Lucanidae
855,55_1.jpg,55,Dynastidae
856,555_0.jpg,555,Buprestidae
857,475_1.jpg,475,Carabidae
858,307_0.jpg,307,Cerambycidae
859,1179_0.jpg,1179,Cerambycidae
860,833_0.jpg,833,Cerambycidae
861,1446_0.jpg,1446,Lucanidae
862,1491_0.jpg,1491,Cetoniidae
863,1533_0.jpg,1533,Cerambycidae
864,1146_0.jpg,1146,Lucanidae
865,1479_0.jpg,1479,Lucanidae
866,1469_1.jpg,1469,Lucanidae
867,229_0.jpg,229,Buprestidae
868,1204_0.jpg,1204,Cerambycidae
869,1272_0.jpg,1272,Cerambycidae
870,321_1.jpg,321,Cetoniidae
871,711_0.jpg,711,Curculionidae
872,528_2.jpg,528,Lucanidae
873,672_0.jpg,672,Cetoniidae
874,36_0.jpg,36,Buprestidae
875,272_0.jpg,272,Carabidae
876,1233_0.jpg,1233,Cetoniidae
877,859_1.jpg,859,Buprestidae
878,692_1.jpg,692,Curculionidae
879,946_0.jpg,946,Lucanidae
880,1638_0.jpg,1638,Cerambycidae
881,1077_0.jpg,1077,Cerambycidae
882,1384_0.jpg,1384,Cerambycidae
883,601_0.jpg,601,Dynastidae
884,292_0.jpg,292,Carabidae
885,675_0.jpg,675,Cetoniidae
886,1300_0.jpg,1300,Cetoniidae
887,1618_1.jpg,1618,Buprestidae
888,1507_0.jpg,1507,Buprestidae
889,390_0.jpg,390,Buprestidae
890,232_0.jpg,232,Buprestidae
891,710_0.jpg,710,Curculionidae
892,924_0.jpg,924,Lucanidae
893,1208_0.jpg,1208,Cerambycidae
894,871_0.jpg,871,Scarabaeidae
895,807_0.jpg,807,Lucanidae
896,377_0.jpg,377,Buprestidae
897,1360_0.jpg,1360,Lucanidae
898,613_0.jpg,613,Cerambycidae
899,345_0.jpg,345,Buprestidae
900,461_1.jpg,461,Carabidae
901,115_0.jpg,115,Cerambycidae
902,1366_0.jpg,1366,Cerambycidae
903,1637_0.jpg,1637,Cerambycidae
904,720_0.jpg,720,Cerambycidae
905,15_0.jpg,15,Carabidae
906,771_0.jpg,771,Cetoniidae
907,663_0.jpg,663,Cetoniidae
908,829_0.jpg,829,Cetoniidae
909,1127_0.jpg,1127,Scarabaeidae
910,336_0.jpg,336,Cerambycidae
911,326_0.jpg,326,Lucanidae
912,1036_0.jpg,1036,Dynastidae
913,1119_0.jpg,1119,Cetoniidae
914,1393_0.jpg,1393,Lucanidae
915,27_0.jpg,27,Lucanidae
916,544_0.jpg,544,Cerambycidae
917,888_1.jpg,888,Lucanidae
918,1611_1.jpg,1611,Buprestidae
919,511_2.jpg,511,Lucanidae
920,634_0.jpg,634,Buprestidae
921,1660_0.jpg,1660,Cetoniidae
922,1589_2.jpg,1589,Buprestidae
923,1668_0.jpg,1668,Cerambycidae
924,964_0.jpg,964,Lucanidae
925,398_2.jpg,398,Buprestidae
926,866_0.jpg,866,Buprestidae
927,164_0.jpg,164,Cerambycidae
928,799_0.jpg,799,Lucanidae
929,1582_0.jpg,1582,Buprestidae
930,877_0.jpg,877,Scarabaeidae
931,802_0.jpg,802,Lucanidae
932,298_0.jpg,298,Scarabaeidae
933,611_0.jpg,611,Cerambycidae
934,1368_0.jpg,1368,Cerambycidae
935,918_5.jpg,918,Lucanidae
936,1183_0.jpg,1183,Dynastidae
937,815_0.jpg,815,Cerambycidae
938,715_0.jpg,715,Curculionidae
939,82_0.jpg,82,Cerambycidae
940,1232_0.jpg,1232,Cerambycidae
941,713_0.jpg,713,Curculionidae
942,186_0.jpg,186,Dynastidae
943,204_0.jpg,204,Lucanidae
944,434_0.jpg,434,Buprestidae
945,332_0.jpg,332,Cerambycidae
946,1292_1.jpg,1292,Cetoniidae
947,441_0.jpg,441,Carabidae
948,1600_0.jpg,1600,Buprestidae
949,845_0.jpg,845,Cetoniidae
950,1371_0.jpg,1371,Cetoniidae
951,66_0.jpg,66,Cerambycidae
952,299_1.jpg,299,Dynastidae
953,337_0.jpg,337,Cerambycidae
954,1608_0.jpg,1608,Buprestidae
955,1500_1.jpg,1500,Buprestidae
956,64_0.jpg,64,Scarabaeidae
957,906_1.jpg,906,Cetoniidae
958,941_1.jpg,941,Lucanidae
959,853_1.jpg,853,Cetoniidae
960,1639_0.jpg,1639,Cerambycidae
961,884_0.jpg,884,Scarabaeidae
962,817_0.jpg,817,Cerambycidae
963,1439_0.jpg,1439,Lucanidae
964,1396_0.jpg,1396,Cerambycidae
965,1294_0.jpg,1294,Cetoniidae
966,271_0.jpg,271,Carabidae
967,1610_0.jpg,1610,Buprestidae
968,1404_0.jpg,1404,Lucanidae
969,1405_0.jpg,1405,Lucanidae
970,1586_0.jpg,1586,Buprestidae
971,1569_0.jpg,1569,Cerambycidae
972,243_1.jpg,243,Cerambycidae
973,1621_1.jpg,1621,Buprestidae
974,394_0.jpg,394,Buprestidae
975,725_0.jpg,725,Buprestidae
976,1288_0.jpg,1288,Cetoniidae
977,1624_0.jpg,1624,Buprestidae
978,626_1.jpg,626,Dynastidae
979,682_2.jpg,682,Attelabidae
980,78_0.jpg,78,Cetoniidae
981,416_0.jpg,416,Lucanidae
982,808_0.jpg,808,Lucanidae
983,1058_0.jpg,1058,Lucanidae
984,622_0.jpg,622,Dynastidae
985,955_0.jpg,955,Lucanidae
986,46_0.jpg,46,Cetoniidae
987,116_0.jpg,116,Carabidae
988,767_0.jpg,767,Dynastidae
989,356_1.jpg,356,Buprestidae
990,897_0.jpg,897,Carabidae
991,370_0.jpg,370,Buprestidae
992,1176_0.jpg,1176,Cerambycidae
993,1076_0.jpg,1076,Cerambycidae
994,524_0.jpg,524,Lucanidae
995,1022_0.jpg,1022,Buprestidae
996,188_0.jpg,188,Cerambycidae
997,681_0.jpg,681,Cetoniidae
998,105_1.jpg,105,Cetoniidae
999,757_0.jpg,757,Cetoniidae
1000,956_0.jpg,956,Lucanidae
1001,1525_1.jpg,1525,Cetoniidae
1002,85_0.jpg,85,Cerambycidae
1003,360_0.jpg,360,Buprestidae
1004,132_0.jpg,132,Cerambycidae
1005,781_1.jpg,781,Cetoniidae
1006,287_0.jpg,287,Carabidae
1007,737_0.jpg,737,Cetoniidae
1008,917_0.jpg,917,Lucanidae
1009,1141_0.jpg,1141,Lucanidae
1010,1626_0.jpg,1626,Cetoniidae
1011,602_0.jpg,602,Cetoniidae
1012,963_0.jpg,963,Lucanidae
1013,1597_0.jpg,1597,Buprestidae
1014,692_0.jpg,692,Curculionidae
1015,1229_0.jpg,1229,Scarabaeidae
1016,1383_1.jpg,1383,Buprestidae
1017,1675_0.jpg,1675,Dynastidae
1018,86_0.jpg,86,Cerambycidae
1019,275_0.jpg,275,Carabidae
1020,1245_1.jpg,1245,Cerambycidae
1021,291_0.jpg,291,Carabidae
1022,941_2.jpg,941,Lucanidae
1023,1262_0.jpg,1262,Cerambycidae
1024,1503_0.jpg,1503,Buprestidae
1025,676_0.jpg,676,Carabidae
1026,167_1.jpg,167,Cerambycidae
1027,640_0.jpg,640,Curculionidae
1028,1348_1.jpg,1348,Cerambycidae
1029,329_0.jpg,329,Cerambycidae
1030,1252_0.jpg,1252,Cerambycidae
1031,276_0.jpg,276,Carabidae
1032,578_0.jpg,578,Carabidae
1033,420_0.jpg,420,Buprestidae
1034,1039_0.jpg,1039,Dynastidae
1035,195_0.jpg,195,Cetoniidae
1036,1010_0.jpg,1010,Buprestidae
1037,838_0.jpg,838,Cetoniidae
1038,30_0.jpg,30,Lucanidae
1039,1104_0.jpg,1104,Cerambycidae
1040,451_0.jpg,451,Carabidae
1041,31_0.jpg,31,Lucanidae
1042,865_0.jpg,865,Buprestidae
1043,35_0.jpg,35,Buprestidae
1044,910_0.jpg,910,Cetoniidae
1045,744_0.jpg,744,Scarabaeidae
1046,1080_0.jpg,1080,Cerambycidae
1047,788_0.jpg,788,Cetoniidae
1048,700_0.jpg,700,Curculionidae
1049,608_0.jpg,608,Dynastidae
1050,1165_0.jpg,1165,Lucanidae
1051,962_1.jpg,962,Lucanidae
1052,135_0.jpg,135,Cerambycidae
1053,981_1.jpg,981,Dryophthoridae
1054,345_1.jpg,345,Buprestidae
1055,1471_0.jpg,1471,Lucanidae
1056,740_0.jpg,740,Cetoniidae
1057,1585_0.jpg,1585,Buprestidae
1058,321_0.jpg,321,Cetoniidae
1059,1193_0.jpg,1193,Scarabaeidae
1060,398_5.jpg,398,Buprestidae
1061,1308_0.jpg,1308,Cetoniidae
1062,196_0.jpg,196,Cetoniidae
1063,1430_0.jpg,1430,Cerambycidae
1064,263_0.jpg,263,Carabidae
1065,846_0.jpg,846,Cetoniidae
1066,889_1.jpg,889,Lucanidae
1067,953_1.jpg,953,Lucanidae
1068,1614_0.jpg,1614,Buprestidae
1069,1453_0.jpg,1453,Lucanidae
1070,45_0.jpg,45,Cetoniidae
1071,1026_0.jpg,1026,Scarabaeidae
1072,699_0.jpg,699,Curculionidae
1073,1063_0.jpg,1063,Lucanidae
1074,1157_0.jpg,1157,Lucanidae
1075,214_1.jpg,214,Cerambycidae
1076,886_0.jpg,886,Buprestidae
1077,302_1.jpg,302,Dynastidae
1078,916_0.jpg,916,Lucanidae
1079,1516_0.jpg,1516,Buprestidae
1080,1041_0.jpg,1041,Dynastidae
1081,1078_0.jpg,1078,Dynastidae
1082,1627_0.jpg,1627,Cetoniidae
1083,279_0.jpg,279,Carabidae
1084,223_2.jpg,223,Cerambycidae
1085,549_1.jpg,549,Buprestidae
1086,734_0.jpg,734,Cetoniidae
1087,1425_0.jpg,1425,Cerambycidae
1088,1102_0.jpg,1102,Cerambycidae
1089,1517_3.jpg,1517,Buprestidae
1090,1105_1.jpg,1105,Cerambycidae
1091,191_0.jpg,191,Buprestidae
1092,1575_0.jpg,1575,Buprestidae
1093,604_0.jpg,604,Cetoniidae
1094,270_0.jpg,270,Carabidae
1095,697_0.jpg,697,Curculionidae
1096,1064_0.jpg,1064,Lucanidae
1097,28_0.jpg,28,Lucanidae
1098,887_0.jpg,887,Lucanidae
1099,972_0.jpg,972,Lucanidae
1100,378_0.jpg,378,Buprestidae
1101,412_0.jpg,412,Carabidae
1102,748_0.jpg,748,Cerambycidae
1103,579_0.jpg,579,Carabidae
1104,1561_0.jpg,1561,Scarabaeidae
1105,25_0.jpg,25,Lucanidae
1106,1517_4.jpg,1517,Buprestidae
1107,889_2.jpg,889,Lucanidae
1108,1200_0.jpg,1200,Scarabaeidae
1109,599_0.jpg,599,Cerambycidae
1110,1631_2.jpg,1631,Cetoniidae
1111,1120_0.jpg,1120,Cetoniidae
1112,1276_2.jpg,1276,Cetoniidae
1113,1547_0.jpg,1547,Buprestidae
1114,773_0.jpg,773,Cetoniidae
1115,873_0.jpg,873,Scarabaeidae
1116,1530_1.jpg,1530,Cerambycidae
1117,463_0.jpg,463,Carabidae
1118,488_0.jpg,488,Cerambycidae
1119,1620_0.jpg,1620,Buprestidae
1120,603_0.jpg,603,Cetoniidae
1121,695_0.jpg,695,Curculionidae
1122,1284_0.jpg,1284,Cetoniidae
1123,42_0.jpg,42,Dynastidae
1124,1568_0.jpg,1568,Scarabaeidae
1125,1091_0.jpg,1091,Cetoniidae
1126,470_1.jpg,470,Carabidae
1127,724_0.jpg,724,Buprestidae
1128,1522_2.jpg,1522,Buprestidae
1129,726_0.jpg,726,Buprestidae
1130,945_1.jpg,945,Lucanidae
1131,1257_0.jpg,1257,Cerambycidae
1132,4_0.jpg,4,Buprestidae
1133,1247_0.jpg,1247,Cetoniidae
1134,1454_0.jpg,1454,Lucanidae
1135,1089_0.jpg,1089,Carabidae
1136,461_0.jpg,461,Carabidae
1137,885_0.jpg,885,Scarabaeidae
1138,1134_0.jpg,1134,Lucanidae
1139,1579_1.jpg,1579,Buprestidae
1140,1274_0.jpg,1274,Cetoniidae
1141,380_0.jpg,380,Buprestidae
1142,493_0.jpg,493,Cerambycidae
1143,152_0.jpg,152,Cerambycidae
1144,592_0.jpg,592,Buprestidae
1145,626_0.jpg,626,Dynastidae
1146,387_0.jpg,387,Buprestidae
1147,257_0.jpg,257,Cerambycidae
1148,56_1.jpg,56,Lucanidae
1149,1226_0.jpg,1226,Cerambycidae
1150,682_5.jpg,682,Attelabidae
1151,495_1.jpg,495,Cerambycidae
1152,1468_2.jpg,1468,Lucanidae
1153,189_0.jpg,189,Cerambycidae
1154,1520_0.jpg,1520,Buprestidae
1155,946_2.jpg,946,Lucanidae
1156,895_0.jpg,895,Lucanidae
1157,576_0.jpg,576,Dryophthoridae
1158,1480_0.jpg,1480,Cerambycidae
1159,1249_0.jpg,1249,Buprestidae
1160,1601_1.jpg,1601,Buprestidae
1161,260_0.jpg,260,Dynastidae
1162,355_0.jpg,355,Buprestidae
1163,1332_0.jpg,1332,Buprestidae
1164,376_0.jpg,376,Buprestidae
1165,430_0.jpg,430,Cetoniidae
1166,1515_0.jpg,1515,Buprestidae
1167,1527_1.jpg,1527,Cerambycidae
1168,1081_0.jpg,1081,Cerambycidae
1169,902_0.jpg,902,Cerambycidae
1170,125_1.jpg,125,Cerambycidae
1171,1591_0.jpg,1591,Buprestidae
1172,526_0.jpg,526,Lucanidae
1173,1469_0.jpg,1469,Lucanidae
1174,836_0.jpg,836,Cetoniidae
1175,922_0.jpg,922,Lucanidae
1176,148_0.jpg,148,Cerambycidae
1177,1467_1.jpg,1467,Lucanidae
1178,749_0.jpg,749,Cerambycidae
1179,1352_1.jpg,1352,Cetoniidae
1180,134_0.jpg,134,Cerambycidae
1181,1323_1.jpg,1323,Cerambycidae
1182,1251_0.jpg,1251,Lucanidae
1183,1040_0.jpg,1040,Dynastidae
1184,1098_0.jpg,1098,Cerambycidae
1185,629_0.jpg,629,Dynastidae
1186,665_0.jpg,665,Cetoniidae
1187,68_0.jpg,68,Cetoniidae
1188,75_0.jpg,75,Cetoniidae
1189,1175_0.jpg,1175,Cerambycidae
1190,1556_1.jpg,1556,Tenebrionidae
1191,1478_0.jpg,1478,Lucanidae
1192,1557_2.jpg,1557,Scarabaeidae
1193,1447_0.jpg,1447,Lucanidae
1194,549_0.jpg,549,Buprestidae
1195,37_0.jpg,37,Buprestidae
1196,1576_0.jpg,1576,Buprestidae
1197,1126_0.jpg,1126,Cerambycidae
1198,1418_0.jpg,1418,Dynastidae
1199,899_0.jpg,899,Cerambycidae
1200,581_0.jpg,581,Carabidae
1201,1187_2.jpg,1187,Dynastidae
1202,982_1.jpg,982,Lucanidae
1203,680_0.jpg,680,Cerambycidae
1204,174_0.jpg,174,Cerambycidae
1205,146_0.jpg,146,Cerambycidae
1206,591_2.jpg,591,Buprestidae
1207,1399_0.jpg,1399,Cetoniidae
1208,1631_3.jpg,1631,Cetoniidae
1209,1363_0.jpg,1363,Cerambycidae
1210,1494_0.jpg,1494,Buprestidae
1211,605_0.jpg,605,Cetoniidae
1212,1144_1.jpg,1144,Lucanidae
1213,344_0.jpg,344,Buprestidae
1214,550_0.jpg,550,Buprestidae
1215,1560_1.jpg,1560,Scarabaeidae
1216,1015_0.jpg,1015,Buprestidae
1217,1203_0.jpg,1203,Cerambycidae
1218,1290_0.jpg,1290,Cetoniidae
1219,1373_0.jpg,1373,Cetoniidae
1220,1588_0.jpg,1588,Buprestidae
1221,567_0.jpg,567,Buprestidae
1222,1555_0.jpg,1555,Lucanidae
1223,1440_0.jpg,1440,Lucanidae
1224,252_0.jpg,252,Buprestidae
1225,792_0.jpg,792,Lucanidae
1226,1285_0.jpg,1285,Cetoniidae
1227,1566_1.jpg,1566,Scarabaeidae
1228,1168_0.jpg,1168,Lucanidae
1229,1167_1.jpg,1167,Lucanidae
1230,103_0.jpg,103,Cerambycidae
1231,895_1.jpg,895,Lucanidae
1232,860_2.jpg,860,Buprestidae
1233,1329_0.jpg,1329,Buprestidae
1234,1517_0.jpg,1517,Buprestidae
1235,13_0.jpg,13,Carabidae
1236,495_0.jpg,495,Cerambycidae
1237,985_3.jpg,985,Cerambycidae
1238,428_0.jpg,428,Cetoniidae
1239,1344_0.jpg,1344,Cerambycidae
1240,1656_0.jpg,1656,Curculionidae
1241,709_0.jpg,709,Curculionidae
1242,758_1.jpg,758,Cetoniidae
1243,682_7.jpg,682,Attelabidae
1244,475_0.jpg,475,Carabidae
1245,268_0.jpg,268,Carabidae
1246,950_0.jpg,950,Lucanidae
1247,1391_2.jpg,1391,Lucanidae
1248,883_0.jpg,883,Scarabaeidae
1249,489_0.jpg,489,Cetoniidae
1250,1328_1.jpg,1328,Buprestidae
1251,918_4.jpg,918,Lucanidae
1252,1094_0.jpg,1094,Cetoniidae
1253,1261_1.jpg,1261,Cerambycidae
1254,1145_0.jpg,1145,Lucanidae
1255,1670_0.jpg,1670,Cerambycidae
1256,1612_0.jpg,1612,Buprestidae
1257,1619_2.jpg,1619,Buprestidae
1258,1006_0.jpg,1006,Cetoniidae
1259,963_1.jpg,963,Lucanidae
1260,207_0.jpg,207,Lucanidae
1261,1072_2.jpg,1072,Lucanidae
1262,1662_0.jpg,1662,Cerambycidae
1263,528_0.jpg,528,Lucanidae
1264,754_0.jpg,754,Lucanidae
1265,1625_0.jpg,1625,Cetoniidae
1266,801_0.jpg,801,Lucanidae
1267,852_1.jpg,852,Cetoniidae
1268,941_0.jpg,941,Lucanidae
1269,534_0.jpg,534,Lucanidae
1270,71_0.jpg,71,Cetoniidae
1271,109_1.jpg,109,Cerambycidae
1272,656_0.jpg,656,Cetoniidae
1273,139_0.jpg,139,Scarabaeidae
1274,88_0.jpg,88,Cerambycidae
1275,946_1.jpg,946,Lucanidae
1276,685_0.jpg,685,Dynastidae
1277,1596_0.jpg,1596,Buprestidae
1278,1580_0.jpg,1580,Buprestidae
1279,1082_0.jpg,1082,Cerambycidae
1280,1532_0.jpg,1532,Cerambycidae
1281,1072_0.jpg,1072,Lucanidae
1282,1051_0.jpg,1051,Buprestidae
1283,3_0.jpg,3,Cerambycidae
1284,958_0.jpg,958,Lucanidae
1285,47_0.jpg,47,Cetoniidae
1286,986_0.jpg,986,Cerambycidae
1287,682_10.jpg,682,Attelabidae
1288,158_0.jpg,158,Cerambycidae
1289,1673_0.jpg,1673,Dynastidae
1290,1004_0.jpg,1004,Cetoniidae
1291,1522_0.jpg,1522,Buprestidae
1292,519_3.jpg,519,Lucanidae
1293,163_0.jpg,163,Cerambycidae
1294,162_0.jpg,162,Cerambycidae
1295,443_0.jpg,443,Carabidae
1296,1528_3.jpg,1528,Cerambycidae
1297,1365_2.jpg,1365,Cerambycidae
1298,803_0.jpg,803,Lucanidae
1299,1641_0.jpg,1641,Dryophthoridae
1300,349_0.jpg,349,Buprestidae
1301,1164_1.jpg,1164,Lucanidae
1302,1676_0.jpg,1676,Dynastidae
1303,1677_0.jpg,1677,Dynastidae
1304,719_0.jpg,719,Curculionidae
1305,453_0.jpg,453,Carabidae
1306,320_0.jpg,320,Cetoniidae
1307,1210_0.jpg,1210,Cerambycidae
1308,1659_1.jpg,1659,Cetoniidae
1309,839_0.jpg,839,Cetoniidae
1310,240_1.jpg,240,Buprestidae
1311,538_2.jpg,538,Lucanidae
1312,251_1.jpg,251,Buprestidae
1313,242_0.jpg,242,Cerambycidae
1314,1282_0.jpg,1282,Cetoniidae
1315,1539_0.jpg,1539,Cerambycidae
1316,255_0.jpg,255,Buprestidae
1317,200_0.jpg,200,Lucanidae
1318,1144_0.jpg,1144,Lucanidae
1319,1264_0.jpg,1264,Cerambycidae
1320,932_0.jpg,932,Lucanidae
1321,1674_1.jpg,1674,Dynastidae
1322,1372_0.jpg,1372,Cetoniidae
1323,1671_0.jpg,1671,Cerambycidae
1324,1607_0.jpg,1607,Buprestidae
1325,1268_0.jpg,1268,Cetoniidae
1326,679_0.jpg,679,Cerambycidae
1327,985_0.jpg,985,Cerambycidae
1328,87_0.jpg,87,Cerambycidae
1329,142_0.jpg,142,Lucanidae
1330,786_0.jpg,786,Cetoniidae
1331,1240_0.jpg,1240,Lucanidae
1332,678_0.jpg,678,Anthribidae
1333,930_1.jpg,930,Lucanidae
1334,1472_0.jpg,1472,Lucanidae
1335,835_0.jpg,835,Cetoniidae
1336,1535_0.jpg,1535,Cerambycidae
1337,596_0.jpg,596,Cerambycidae
1338,273_0.jpg,273,Carabidae
1339,58_0.jpg,58,Lucanidae
1340,969_0.jpg,969,Lucanidae
1341,531_1.jpg,531,Lucanidae
1342,989_0.jpg,989,Cerambycidae
1343,1058_1.jpg,1058,Lucanidae
1344,929_0.jpg,929,Lucanidae
1345,688_0.jpg,688,Dynastidae
1346,999_0.jpg,999,Cerambycidae
1347,342_0.jpg,342,Cerambycidae
1348,179_0.jpg,179,Cerambycidae
1349,151_2.jpg,151,Cerambycidae
1350,525_0.jpg,525,Lucanidae
1351,712_0.jpg,712,Curculionidae
1352,528_1.jpg,528,Lucanidae
1353,1060_0.jpg,1060,Lucanidae
1354,168_0.jpg,168,Cerambycidae
1355,1362_1.jpg,1362,Cerambycidae
1356,57_0.jpg,57,Lucanidae
1357,831_1.jpg,831,Scarabaeidae
1358,395_0.jpg,395,Buprestidae
1359,636_0.jpg,636,Cerambycidae
1360,747_0.jpg,747,Lucanidae
1361,63_0.jpg,63,Scarabaeidae
1362,974_0.jpg,974,Lucanidae
1363,912_0.jpg,912,Lucanidae
1364,1383_3.jpg,1383,Buprestidae
1365,764_0.jpg,764,Cetoniidae
1366,750_0.jpg,750,Cerambycidae
1367,74_0.jpg,74,Cetoniidae
1368,888_0.jpg,888,Lucanidae
1369,298_1.jpg,298,Scarabaeidae
1370,511_1.jpg,511,Lucanidae
1371,1102_1.jpg,1102,Cerambycidae
1372,1309_0.jpg,1309,Cetoniidae
1373,101_0.jpg,101,Cerambycidae
1374,1061_0.jpg,1061,Lucanidae
1375,513_0.jpg,513,Lucanidae
1376,918_1.jpg,918,Lucanidae
1377,811_0.jpg,811,Lucanidae
1378,703_0.jpg,703,Curculionidae
1379,791_0.jpg,791,Lucanidae
1380,498_0.jpg,498,Lucanidae
1381,1417_0.jpg,1417,Cerambycidae
1382,538_0.jpg,538,Lucanidae
1383,1428_0.jpg,1428,Cerambycidae
1384,1376_0.jpg,1376,Lucanidae
1385,1069_0.jpg,1069,Lucanidae
1386,516_0.jpg,516,Lucanidae
1387,1188_1.jpg,1188,Oxypeltidae
1388,705_0.jpg,705,Curculionidae
1389,939_0.jpg,939,Lucanidae
1390,1298_0.jpg,1298,Cetoniidae
1391,413_0.jpg,413,Cicindelidae
1392,286_0.jpg,286,Carabidae
1393,483_0.jpg,483,Carabidae
1394,218_0.jpg,218,Cerambycidae
1395,781_2.jpg,781,Cetoniidae
1396,1027_0.jpg,1027,Scarabaeidae
1397,520_0.jpg,520,Lucanidae
1398,1336_1.jpg,1336,Buprestidae
1399,1395_0.jpg,1395,Cerambycidae
1400,1202_0.jpg,1202,Cerambycidae
1401,386_0.jpg,386,Buprestidae
1402,1150_0.jpg,1150,Lucanidae
1403,779_0.jpg,779,Lucanidae
1404,1059_0.jpg,1059,Lucanidae
1405,556_0.jpg,556,Buprestidae
1406,1075_0.jpg,1075,Cerambycidae
1407,1604_2.jpg,1604,Buprestidae
1408,1504_0.jpg,1504,Buprestidae
1409,588_0.jpg,588,Scarabaeidae
1410,1028_0.jpg,1028,Scarabaeidae
1411,793_1.jpg,793,Lucanidae
1412,1458_0.jpg,1458,Lucanidae
1413,293_0.jpg,293,Cerambycidae
1414,878_0.jpg,878,Scarabaeidae
1415,1455_0.jpg,1455,Lucanidae
1416,673_0.jpg,673,Cetoniidae
1417,918_0.jpg,918,Lucanidae
1418,324_0.jpg,324,Lucanidae
1419,241_0.jpg,241,Buprestidae
1420,1021_0.jpg,1021,Buprestidae
1421,1537_0.jpg,1537,Cerambycidae
1422,570_0.jpg,570,Cetoniidae
1423,1619_4.jpg,1619,Buprestidae
1424,682_4.jpg,682,Attelabidae
1425,142_1.jpg,142,Lucanidae
1426,177_0.jpg,177,Cerambycidae
1427,729_0.jpg,729,Cetoniidae
1428,1112_0.jpg,1112,Lucanidae
1429,1101_0.jpg,1101,Cerambycidae
1430,1374_1.jpg,1374,Cetoniidae
1431,923_0.jpg,923,Lucanidae
1432,1461_0.jpg,1461,Lucanidae
1433,429_1.jpg,429,Cetoniidae
1434,294_0.jpg,294,Cerambycidae
1435,1340_0.jpg,1340,Buprestidae
1436,1276_1.jpg,1276,Cetoniidae
1437,882_0.jpg,882,Scarabaeidae
1438,903_0.jpg,903,Cetoniidae
1439,170_0.jpg,170,Cerambycidae
1440,411_0.jpg,411,Carabidae
1441,962_0.jpg,962,Lucanidae
1442,1414_0.jpg,1414,Cerambycidae
1443,1679_0.jpg,1679,Lucanidae
1444,502_0.jpg,502,Lucanidae
1445,415_0.jpg,415,Lucanidae
1446,69_0.jpg,69,Cetoniidae
1447,1280_0.jpg,1280,Cetoniidae
1448,79_0.jpg,79,Cetoniidae
1449,17_0.jpg,17,Carabidae
1450,333_0.jpg,333,Cerambycidae
1451,246_0.jpg,246,Lucanidae
1452,1448_0.jpg,1448,Lucanidae
1453,1109_0.jpg,1109,Lucanidae
1454,1275_0.jpg,1275,Cetoniidae
1455,1427_0.jpg,1427,Cetoniidae
1456,869_0.jpg,869,Cerambycidae
1457,1070_0.jpg,1070,Lucanidae
1458,1407_0.jpg,1407,Cerambycidae
1459,227_0.jpg,227,Buprestidae
1460,178_1.jpg,178,Cerambycidae
1461,617_0.jpg,617,Lucanidae
1462,1178_0.jpg,1178,Lucanidae
1463,692_2.jpg,692,Curculionidae
1464,454_1.jpg,454,Carabidae
1465,881_0.jpg,881,Scarabaeidae
1466,966_0.jpg,966,Lucanidae
1467,668_0.jpg,668,Cetoniidae
1468,1486_0.jpg,1486,Dynastidae
1469,816_0.jpg,816,Cerambycidae
1470,402_0.jpg,402,Buprestidae
1471,1170_0.jpg,1170,Lucanidae
1472,23_0.jpg,23,Lucanidae
1473,1587_0.jpg,1587,Buprestidae
1474,741_0.jpg,741,Cetoniidae
1475,523_1.jpg,523,Lucanidae
1476,187_0.jpg,187,Cerambycidae
1477,182_0.jpg,182,Buprestidae
1478,727_0.jpg,727,Lucanidae
1479,306_1.jpg,306,Cetoniidae
1480,597_0.jpg,597,Scarabaeidae
1481,269_0.jpg,269,Carabidae
1482,892_0.jpg,892,Curculionidae
1483,717_0.jpg,717,Curculionidae
1484,1013_0.jpg,1013,Buprestidae
1485,1657_0.jpg,1657,Cetoniidae
1486,1383_2.jpg,1383,Buprestidae
1487,752_0.jpg,752,Scarabaeidae
1488,29_0.jpg,29,Lucanidae
1489,893_0.jpg,893,Buprestidae
1490,574_0.jpg,574,Dryophthoridae
1491,930_0.jpg,930,Lucanidae
1492,1653_0.jpg,1653,Dynastidae
1493,610_0.jpg,610,Cerambycidae
1494,1259_0.jpg,1259,Cerambycidae
1495,1423_0.jpg,1423,Cerambycidae
1496,1380_0.jpg,1380,Buprestidae
1497,1138_0.jpg,1138,Lucanidae
1498,1313_0.jpg,1313,Cetoniidae
1499,1437_0.jpg,1437,Lucanidae
1500,1325_0.jpg,1325,Buprestidae
1501,341_0.jpg,341,Cerambycidae
1502,1548_0.jpg,1548,Buprestidae
1503,772_0.jpg,772,Curculionidae
1504,112_0.jpg,112,Cerambycidae
1505,758_2.jpg,758,Cetoniidae
1506,145_0.jpg,145,Cerambycidae
1507,1322_0.jpg,1322,Dynastidae
1508,766_0.jpg,766,Dynastidae
1509,351_0.jpg,351,Cetoniidae
1510,442_0.jpg,442,Carabidae
1511,1482_1.jpg,1482,Cerambycidae
1512,804_0.jpg,804,Lucanidae
1513,506_0.jpg,506,Lucanidae
1514,1318_0.jpg,1318,Cetoniidae
1515,72_0.jpg,72,Cetoniidae
1516,353_0.jpg,353,Buprestidae
1517,1412_0.jpg,1412,Cerambycidae
1518,1316_0.jpg,1316,Cetoniidae
1519,1556_0.jpg,1556,Tenebrionidae
1520,644_0.jpg,644,Curculionidae
1521,949_0.jpg,949,Lucanidae
1522,1265_0.jpg,1265,Cerambycidae
1523,19_0.jpg,19,Cerambycidae
1524,381_0.jpg,381,Buprestidae
1525,954_0.jpg,954,Lucanidae
1526,896_0.jpg,896,Lucanidae
1527,1378_0.jpg,1378,Buprestidae
1528,1519_0.jpg,1519,Buprestidae
1529,129_0.jpg,129,Lucanidae
1530,977_0.jpg,977,Lucanidae
1531,36_1.jpg,36,Buprestidae
1532,9_0.jpg,9,Cerambycidae
1533,1648_0.jpg,1648,Cetoniidae
1534,1140_0.jpg,1140,Lucanidae
1535,660_0.jpg,660,Cetoniidae
1536,577_0.jpg,577,Dryophthoridae
1537,540_0.jpg,540,Lucanidae
1538,304_0.jpg,304,Dynastidae
1539,1609_0.jpg,1609,Buprestidae
1540,828_0.jpg,828,Cetoniidae
1541,1654_0.jpg,1654,Cetoniidae
1542,1028_2.jpg,1028,Scarabaeidae
1543,1191_4.jpg,1191,Scarabaeidae
1544,1110_0.jpg,1110,Lucanidae
1545,383_0.jpg,383,Buprestidae
1546,1550_0.jpg,1550,Dynastidae
1547,874_0.jpg,874,Scarabaeidae
1548,758_3.jpg,758,Cetoniidae
1549,172_0.jpg,172,Cerambycidae
1550,1346_0.jpg,1346,Cetoniidae
1551,54_0.jpg,54,Scarabaeidae
1552,769_0.jpg,769,Dynastidae
1553,1367_0.jpg,1367,Cerambycidae
1554,990_0.jpg,990,Cerambycidae
1555,500_0.jpg,500,Lucanidae
1556,369_0.jpg,369,Buprestidae
1557,1182_0.jpg,1182,Dynastidae
1558,807_1.jpg,807,Lucanidae
1559,1236_0.jpg,1236,Vesperidae
1560,609_0.jpg,609,Lucanidae
1561,1564_0.jpg,1564,Scarabaeidae
1562,558_0.jpg,558,Buprestidae
1563,389_0.jpg,389,Buprestidae
1564,83_0.jpg,83,Cerambycidae
1565,538_1.jpg,538,Lucanidae
1566,1053_0.jpg,1053,Buprestidae
1567,822_1.jpg,822,Cerambycidae
1568,578_1.jpg,578,Carabidae
1569,1505_0.jpg,1505,Buprestidae
1570,1014_0.jpg,1014,Buprestidae
1571,289_0.jpg,289,Carabidae
1572,240_0.jpg,240,Buprestidae
1573,789_1.jpg,789,Cetoniidae
1574,284_0.jpg,284,Carabidae
1575,1271_0.jpg,1271,Cetoniidae
1576,822_2.jpg,822,Cerambycidae
1577,915_0.jpg,915,Lucanidae
1578,1248_0.jpg,1248,Buprestidae
1579,288_0.jpg,288,Carabidae
1580,1619_3.jpg,1619,Buprestidae
1581,1567_2.jpg,1567,Scarabaeidae
1582,649_0.jpg,649,Cetoniidae
1583,248_0.jpg,248,Buprestidae
1584,151_1.jpg,151,Cerambycidae
1585,1191_3.jpg,1191,Scarabaeidae
1586,1148_0.jpg,1148,Lucanidae
1587,1483_0.jpg,1483,Cerambycidae
1588,122_0.jpg,122,Cerambycidae
1589,1217_0.jpg,1217,Cerambycidae
1590,844_0.jpg,844,Cetoniidae
1591,861_0.jpg,861,Buprestidae
1592,219_0.jpg,219,Cetoniidae
1593,1450_0.jpg,1450,Lucanidae
1594,469_0.jpg,469,Carabidae
1595,1244_0.jpg,1244,Cerambycidae
1596,625_0.jpg,625,Dynastidae
1597,1558_0.jpg,1558,Scarabaeidae
1598,144_0.jpg,144,Cerambycidae
1599,545_0.jpg,545,Buprestidae
1600,651_0.jpg,651,Buprestidae
1601,979_0.jpg,979,Lucanidae
1602,994_0.jpg,994,Cerambycidae
1603,5_0.jpg,5,Cerambycidae
1604,1553_0.jpg,1553,Dynastidae
1605,1347_0.jpg,1347,Cerambycidae
1606,1526_0.jpg,1526,Cetoniidae
1607,1606_0.jpg,1606,Buprestidae
1608,14_0.jpg,14,Carabidae
1609,80_0.jpg,80,Cetoniidae
1610,503_0.jpg,503,Lucanidae
1611,1317_0.jpg,1317,Cetoniidae
1612,179_1.jpg,179,Cerambycidae
1613,1443_0.jpg,1443,Lucanidae
1614,933_0.jpg,933,Lucanidae
1615,650_0.jpg,650,Cetoniidae
1616,477_0.jpg,477,Carabidae
1617,1093_0.jpg,1093,Cetoniidae
1618,1155_0.jpg,1155,Lucanidae
1619,212_1.jpg,212,Cerambycidae
1620,536_2.jpg,536,Lucanidae
1621,751_0.jpg,751,Scarabaeidae
1622,974_1.jpg,974,Lucanidae
1623,105_0.jpg,105,Cetoniidae
1624,283_0.jpg,283,Carabidae
1625,960_0.jpg,960,Lucanidae
1626,641_1.jpg,641,Curculionidae
1627,760_0.jpg,760,Cetoniidae
1628,664_0.jpg,664,Cetoniidae
1629,562_0.jpg,562,Buprestidae
1630,992_2.jpg,992,Cerambycidae
1631,716_0.jpg,716,Curculionidae
1632,1242_0.jpg,1242,Scarabaeidae
1633,519_2.jpg,519,Lucanidae
1634,1005_0.jpg,1005,Cetoniidae
1635,1212_0.jpg,1212,Cerambycidae
1636,462_2.jpg,462,Carabidae
1637,1227_0.jpg,1227,Scarabaeidae
1638,193_0.jpg,193,Cetoniidae
1639,1615_0.jpg,1615,Buprestidae
1640,267_0.jpg,267,Carabidae
1641,499_0.jpg,499,Lucanidae
1642,947_0.jpg,947,Lucanidae
1643,1362_0.jpg,1362,Cerambycidae
1644,6_0.jpg,6,Cerambycidae
1645,161_0.jpg,161,Cerambycidae
1646,936_0.jpg,936,Lucanidae
1647,1201_0.jpg,1201,Scarabaeidae
1648,97_1.jpg,97,Carabidae
1649,620_0.jpg,620,Cerambycidae
1650,84_0.jpg,84,Cerambycidae
1651,527_0.jpg,527,Lucanidae
1652,409_0.jpg,409,Cetoniidae
1653,1529_1.jpg,1529,Cerambycidae
1654,978_0.jpg,978,Lucanidae
1655,157_1.jpg,157,Cerambycidae
1656,1032_0.jpg,1032,Dynastidae
1657,590_0.jpg,590,Buprestidae
1658,1489_0.jpg,1489,Cetoniidae
1659,944_0.jpg,944,Lucanidae
1660,317_0.jpg,317,Cerambycidae
1661,1406_0.jpg,1406,Lucanidae
1662,213_0.jpg,213,Cerambycidae
1663,233_1.jpg,233,Buprestidae
1664,32_0.jpg,32,Lucanidae
1665,957_0.jpg,957,Lucanidae
1666,848_0.jpg,848,Cetoniidae
1667,775_0.jpg,775,Lucanidae
1668,1521_0.jpg,1521,Buprestidae
1669,1143_0.jpg,1143,Lucanidae
1670,826_0.jpg,826,Cerambycidae
1671,822_0.jpg,822,Cerambycidae
1672,1322_1.jpg,1322,Dynastidae
1673,1012_0.jpg,1012,Buprestidae
1674,1429_0.jpg,1429,Cerambycidae
1675,67_0.jpg,67,Cerambycidae
1676,327_0.jpg,327,Lucanidae
1677,993_0.jpg,993,Cerambycidae
1678,1239_1.jpg,1239,Cerambycidae
1679,593_0.jpg,593,Lucanidae
1680,484_0.jpg,484,Carabidae
1681,738_0.jpg,738,Cetoniidae
1682,841_0.jpg,841,Cetoniidae
1683,1356_2.jpg,1356,Cerambycidae
1684,462_0.jpg,462,Carabidae
1685,814_0.jpg,814,Cerambycidae
1686,1552_0.jpg,1552,Dynastidae
1687,55_0.jpg,55,Dynastidae
1688,684_0.jpg,684,Dynastidae
1689,234_0.jpg,234,Buprestidae
1690,581_1.jpg,581,Carabidae
1691,1356_1.jpg,1356,Cerambycidae
1692,355_1.jpg,355,Buprestidae
1693,508_1.jpg,508,Lucanidae
1694,867_0.jpg,867,Cetoniidae
1695,237_0.jpg,237,Carabidae
1696,980_0.jpg,980,Dynastidae
1697,542_0.jpg,542,Lucanidae
1698,323_1.jpg,323,Lucanidae
1699,1361_1.jpg,1361,Cerambycidae
1700,833_1.jpg,833,Cerambycidae
1701,1239_2.jpg,1239,Cerambycidae
1702,659_0.jpg,659,Cetoniidae
1703,180_0.jpg,180,Cerambycidae
1704,1286_0.jpg,1286,Cetoniidae
1705,1529_0.jpg,1529,Cerambycidae
1706,1051_1.jpg,1051,Buprestidae
1707,347_0.jpg,347,Buprestidae
1708,872_0.jpg,872,Scarabaeidae
1709,616_0.jpg,616,Cerambycidae
1710,522_0.jpg,522,Lucanidae
1711,1000_0.jpg,1000,Cerambycidae
1712,1306_0.jpg,1306,Cetoniidae
1713,1633_0.jpg,1633,Cerambycidae
1714,591_0.jpg,591,Buprestidae
1715,480_0.jpg,480,Carabidae
1716,1095_0.jpg,1095,Cetoniidae
1717,129_1.jpg,129,Lucanidae
1718,689_0.jpg,689,Curculionidae
1719,1661_0.jpg,1661,Cetoniidae
1720,794_1.jpg,794,Lucanidae
1721,753_0.jpg,753,Cerambycidae
1722,827_0.jpg,827,Vesperidae
1723,973_0.jpg,973,Lucanidae
1724,1194_0.jpg,1194,Cetoniidae
1725,1084_0.jpg,1084,Carabidae
1726,1415_1.jpg,1415,Cerambycidae
1727,165_0.jpg,165,Cerambycidae
1728,133_0.jpg,133,Cerambycidae
1729,303_0.jpg,303,Dynastidae
1730,798_1.jpg,798,Lucanidae
1731,1341_0.jpg,1341,Buprestidae
1732,536_1.jpg,536,Lucanidae
1733,403_0.jpg,403,Buprestidae
1734,243_0.jpg,243,Cerambycidae
1735,457_0.jpg,457,Carabidae
1736,682_9.jpg,682,Attelabidae
1737,1465_0.jpg,1465,Lucanidae
1738,1353_0.jpg,1353,Cetoniidae
1739,1655_0.jpg,1655,Cetoniidae
1740,1281_0.jpg,1281,Cetoniidae
1741,782_0.jpg,782,Cetoniidae
