name,label
rbi_1.jpg,Anthribidae
rbi_3.jpg,Anthribidae
rbi_4.jpg,Brentidae
rbi_5.jpg,Brentidae
rbi_7.jpg,Buprestidae
rbi_9.jpg,Buprestidae
rbi_10.jpg,Buprestidae
rbi_12.jpg,Buprestidae
rbi_13.jpg,Buprestidae
rbi_14.jpg,Buprestidae
rbi_15.jpg,Buprestidae
rbi_17.jpg,Buprestidae
rbi_247.jpg,Buprestidae
rbi_21.jpg,Buprestidae
rbi_23.jpg,Buprestidae
rbi_25.jpg,Buprestidae
rbi_26.jpg,Buprestidae
rbi_29.jpg,Buprestidae
rbi_31.jpg,Buprestidae
rbi_33.jpg,Buprestidae
rbi_35.jpg,Buprestidae
rbi_37.jpg,Buprestidae
rbi_40.jpg,Buprestidae
rbi_41.jpg,Buprestidae
rbi_44.jpg,Buprestidae
rbi_45.jpg,Buprestidae
rbi_47.jpg,Buprestidae
rbi_49.jpg,Buprestidae
rbi_50.jpg,Buprestidae
rbi_53.jpg,Buprestidae
rbi_56.jpg,Buprestidae
rbi_57.jpg,Buprestidae
rbi_58.jpg,Buprestidae
rbi_59.jpg,Buprestidae
rbi_60.jpg,Buprestidae
rbi_61.jpg,Buprestidae
rbi_62.jpg,Buprestidae
rbi_63.jpg,Buprestidae
rbi_64.jpg,Buprestidae
rbi_65.jpg,Buprestidae
rbi_67.jpg,Buprestidae
rbi_68.jpg,Buprestidae
rbi_69.jpg,Buprestidae
rbi_71.jpg,Buprestidae
rbi_72.jpg,Buprestidae
rbi_74.jpg,Buprestidae
rbi_75.jpg,Buprestidae
rbi_76.jpg,Buprestidae
rbi_77.jpg,Buprestidae
rbi_79.jpg,Buprestidae
rbi_81.jpg,Buprestidae
rbi_82.jpg,Buprestidae
rbi_83.jpg,Buprestidae
rbi_84.jpg,Buprestidae
rbi_86.jpg,Buprestidae
rbi_87.jpg,Buprestidae
rbi_88.jpg,Buprestidae
rbi_89.jpg,Buprestidae
rbi_90.jpg,Buprestidae
rbi_91.jpg,Buprestidae
rbi_92.jpg,Buprestidae
rbi_93.jpg,Buprestidae
rbi_94.jpg,Buprestidae
rbi_95.jpg,Buprestidae
rbi_97.jpg,Buprestidae
rbi_98.jpg,Buprestidae
rbi_99.jpg,Buprestidae
rbi_100.jpg,Buprestidae
rbi_101.jpg,Buprestidae
rbi_103.jpg,Buprestidae
rbi_104.jpg,Buprestidae
rbi_105.jpg,Buprestidae
rbi_106.jpg,Buprestidae
rbi_107.jpg,Buprestidae
rbi_109.jpg,Buprestidae
rbi_111.jpg,Buprestidae
rbi_112.jpg,Buprestidae
rbi_113.jpg,Buprestidae
rbi_115.jpg,Buprestidae
rbi_116.jpg,Buprestidae
rbi_117.jpg,Buprestidae
rbi_118.jpg,Buprestidae
rbi_119.jpg,Buprestidae
rbi_120.jpg,Buprestidae
rbi_121.jpg,Buprestidae
rbi_122.jpg,Buprestidae
rbi_123.jpg,Buprestidae
rbi_124.jpg,Buprestidae
rbi_125.jpg,Buprestidae
rbi_127.jpg,Buprestidae
rbi_129.jpg,Buprestidae
rbi_130.jpg,Buprestidae
rbi_131.jpg,Buprestidae
rbi_132.jpg,Buprestidae
rbi_134.jpg,Buprestidae
rbi_136.jpg,Buprestidae
rbi_137.jpg,Buprestidae
rbi_138.jpg,Buprestidae
rbi_139.jpg,Buprestidae
rbi_141.jpg,Buprestidae
rbi_144.jpg,Buprestidae
rbi_146.jpg,Buprestidae
rbi_147.jpg,Buprestidae
rbi_148.jpg,Buprestidae
rbi_150.jpg,Buprestidae
rbi_151.jpg,Buprestidae
rbi_152.jpg,Buprestidae
rbi_153.jpg,Buprestidae
rbi_155.jpg,Buprestidae
rbi_156.jpg,Buprestidae
rbi_157.jpg,Buprestidae
rbi_158.jpg,Buprestidae
rbi_160.jpg,Buprestidae
rbi_161.jpg,Buprestidae
rbi_164.jpg,Buprestidae
rbi_165.jpg,Buprestidae
rbi_168.jpg,Buprestidae
rbi_170.jpg,Buprestidae
rbi_172.jpg,Buprestidae
rbi_173.jpg,Buprestidae
rbi_174.jpg,Buprestidae
rbi_176.jpg,Buprestidae
rbi_178.jpg,Buprestidae
rbi_179.jpg,Buprestidae
rbi_181.jpg,Buprestidae
rbi_183.jpg,Buprestidae
rbi_185.jpg,Buprestidae
rbi_186.jpg,Buprestidae
rbi_188.jpg,Buprestidae
rbi_190.jpg,Buprestidae
rbi_191.jpg,Buprestidae
rbi_192.jpg,Buprestidae
rbi_194.jpg,Buprestidae
rbi_196.jpg,Buprestidae
rbi_198.jpg,Buprestidae
rbi_199.jpg,Buprestidae
rbi_200.jpg,Buprestidae
rbi_329.jpg,Carabidae
rbi_204.jpg,Buprestidae
rbi_207.jpg,Buprestidae
rbi_208.jpg,Buprestidae
rbi_210.jpg,Buprestidae
rbi_212.jpg,Buprestidae
rbi_214.jpg,Buprestidae
rbi_216.jpg,Buprestidae
rbi_217.jpg,Buprestidae
rbi_219.jpg,Buprestidae
rbi_221.jpg,Buprestidae
rbi_223.jpg,Buprestidae
rbi_224.jpg,Buprestidae
rbi_225.jpg,Buprestidae
rbi_226.jpg,Buprestidae
rbi_227.jpg,Buprestidae
rbi_228.jpg,Buprestidae
rbi_229.jpg,Buprestidae
rbi_230.jpg,Buprestidae
rbi_231.jpg,Buprestidae
rbi_234.jpg,Buprestidae
rbi_235.jpg,Buprestidae
rbi_236.jpg,Buprestidae
rbi_238.jpg,Buprestidae
rbi_242.jpg,Buprestidae
rbi_243.jpg,Buprestidae
rbi_245.jpg,Buprestidae
rbi_246.jpg,Buprestidae
rbi_248.jpg,Buprestidae
rbi_249.jpg,Buprestidae
rbi_250.jpg,Buprestidae
rbi_251.jpg,Buprestidae
rbi_253.jpg,Buprestidae
rbi_254.jpg,Buprestidae
rbi_255.jpg,Buprestidae
rbi_257.jpg,Buprestidae
rbi_259.jpg,Buprestidae
rbi_260.jpg,Buprestidae
rbi_261.jpg,Buprestidae
rbi_262.jpg,Buprestidae
rbi_263.jpg,Buprestidae
rbi_264.jpg,Buprestidae
rbi_265.jpg,Buprestidae
rbi_266.jpg,Buprestidae
rbi_304.jpg,Buprestidae
rbi_267.jpg,Buprestidae
rbi_268.jpg,Buprestidae
rbi_269.jpg,Buprestidae
rbi_270.jpg,Buprestidae
rbi_271.jpg,Buprestidae
rbi_272.jpg,Buprestidae
rbi_274.jpg,Buprestidae
rbi_275.jpg,Buprestidae
rbi_276.jpg,Buprestidae
rbi_277.jpg,Buprestidae
rbi_278.jpg,Buprestidae
rbi_279.jpg,Buprestidae
rbi_280.jpg,Buprestidae
rbi_281.jpg,Buprestidae
rbi_283.jpg,Buprestidae
rbi_285.jpg,Buprestidae
rbi_286.jpg,Buprestidae
rbi_287.jpg,Buprestidae
rbi_288.jpg,Buprestidae
rbi_291.jpg,Buprestidae
rbi_293.jpg,Buprestidae
rbi_294.jpg,Buprestidae
rbi_295.jpg,Buprestidae
rbi_298.jpg,Buprestidae
rbi_299.jpg,Buprestidae
rbi_300.jpg,Buprestidae
rbi_301.jpg,Buprestidae
rbi_302.jpg,Buprestidae
rbi_303.jpg,Buprestidae
rbi_305.jpg,Carabidae
rbi_306.jpg,Carabidae
rbi_307.jpg,Carabidae
rbi_308.jpg,Carabidae
rbi_310.jpg,Carabidae
rbi_311.jpg,Carabidae
rbi_312.jpg,Carabidae
rbi_313.jpg,Carabidae
rbi_314.jpg,Carabidae
rbi_315.jpg,Carabidae
rbi_316.jpg,Carabidae
rbi_317.jpg,Carabidae
rbi_318.jpg,Carabidae
rbi_319.jpg,Carabidae
rbi_320.jpg,Carabidae
rbi_321.jpg,Carabidae
rbi_323.jpg,Carabidae
rbi_324.jpg,Carabidae
rbi_325.jpg,Carabidae
rbi_326.jpg,Carabidae
rbi_327.jpg,Carabidae
rbi_328.jpg,Carabidae
rbi_330.jpg,Carabidae
rbi_331.jpg,Carabidae
rbi_332.jpg,Carabidae
rbi_333.jpg,Carabidae
rbi_334.jpg,Carabidae
rbi_335.jpg,Carabidae
rbi_336.jpg,Carabidae
rbi_337.jpg,Carabidae
rbi_338.jpg,Carabidae
rbi_339.jpg,Carabidae
rbi_340.jpg,Carabidae
rbi_341.jpg,Carabidae
rbi_342.jpg,Carabidae
rbi_343.jpg,Carabidae
rbi_344.jpg,Carabidae
rbi_345.jpg,Carabidae
rbi_346.jpg,Carabidae
rbi_347.jpg,Carabidae
rbi_348.jpg,Carabidae
rbi_349.jpg,Carabidae
rbi_350.jpg,Carabidae
rbi_351.jpg,Carabidae
rbi_352.jpg,Carabidae
rbi_353.jpg,Carabidae
rbi_354.jpg,Carabidae
rbi_355.jpg,Carabidae
rbi_356.jpg,Carabidae
rbi_357.jpg,Carabidae
rbi_358.jpg,Carabidae
rbi_359.jpg,Carabidae
rbi_360.jpg,Carabidae
rbi_361.jpg,Carabidae
rbi_362.jpg,Carabidae
rbi_363.jpg,Carabidae
rbi_364.jpg,Carabidae
rbi_365.jpg,Carabidae
rbi_366.jpg,Carabidae
rbi_367.jpg,Carabidae
rbi_368.jpg,Carabidae
rbi_369.jpg,Carabidae
rbi_370.jpg,Carabidae
rbi_371.jpg,Carabidae
rbi_372.jpg,Carabidae
rbi_375.jpg,Carabidae
rbi_376.jpg,Carabidae
rbi_377.jpg,Carabidae
rbi_378.jpg,Carabidae
rbi_379.jpg,Carabidae
rbi_380.jpg,Carabidae
rbi_381.jpg,Carabidae
rbi_382.jpg,Carabidae
rbi_383.jpg,Carabidae
rbi_384.jpg,Carabidae
rbi_385.jpg,Carabidae
rbi_386.jpg,Carabidae
rbi_387.jpg,Carabidae
rbi_388.jpg,Carabidae
rbi_389.jpg,Carabidae
rbi_390.jpg,Carabidae
rbi_391.jpg,Carabidae
rbi_392.jpg,Carabidae
rbi_393.jpg,Carabidae
rbi_394.jpg,Carabidae
rbi_395.jpg,Carabidae
rbi_396.jpg,Carabidae
rbi_397.jpg,Carabidae
rbi_399.jpg,Carabidae
rbi_401.jpg,Carabidae
rbi_402.jpg,Carabidae
rbi_403.jpg,Carabidae
rbi_404.jpg,Carabidae
rbi_405.jpg,Carabidae
rbi_406.jpg,Carabidae
rbi_407.jpg,Carabidae
rbi_408.jpg,Carabidae
rbi_409.jpg,Carabidae
rbi_410.jpg,Carabidae
rbi_411.jpg,Carabidae
rbi_412.jpg,Carabidae
rbi_413.jpg,Carabidae
rbi_414.jpg,Carabidae
rbi_415.jpg,Carabidae
rbi_416.jpg,Carabidae
rbi_417.jpg,Carabidae
rbi_418.jpg,Carabidae
rbi_419.jpg,Carabidae
rbi_420.jpg,Carabidae
rbi_421.jpg,Carabidae
rbi_422.jpg,Carabidae
rbi_423.jpg,Carabidae
rbi_424.jpg,Carabidae
rbi_425.jpg,Carabidae
rbi_426.jpg,Carabidae
rbi_427.jpg,Carabidae
rbi_428.jpg,Carabidae
rbi_429.jpg,Carabidae
rbi_430.jpg,Carabidae
rbi_431.jpg,Carabidae
rbi_432.jpg,Carabidae
rbi_433.jpg,Carabidae
rbi_434.jpg,Carabidae
rbi_435.jpg,Carabidae
rbi_436.jpg,Carabidae
rbi_437.jpg,Carabidae
rbi_438.jpg,Carabidae
rbi_439.jpg,Carabidae
rbi_440.jpg,Carabidae
rbi_441.jpg,Carabidae
rbi_442.jpg,Carabidae
rbi_443.jpg,Carabidae
rbi_444.jpg,Carabidae
rbi_445.jpg,Carabidae
rbi_446.jpg,Carabidae
rbi_447.jpg,Carabidae
rbi_448.jpg,Carabidae
rbi_449.jpg,Carabidae
rbi_450.jpg,Carabidae
rbi_451.jpg,Carabidae
rbi_452.jpg,Carabidae
rbi_453.jpg,Carabidae
rbi_454.jpg,Carabidae
rbi_455.jpg,Carabidae
rbi_456.jpg,Cerambycidae
rbi_458.jpg,Cerambycidae
rbi_460.jpg,Cerambycidae
rbi_461.jpg,Cerambycidae
rbi_462.jpg,Cerambycidae
rbi_463.jpg,Cerambycidae
rbi_464.jpg,Cerambycidae
rbi_465.jpg,Cerambycidae
rbi_466.jpg,Cerambycidae
rbi_468.jpg,Cerambycidae
rbi_469.jpg,Cerambycidae
rbi_470.jpg,Cerambycidae
rbi_471.jpg,Cerambycidae
rbi_472.jpg,Cerambycidae
rbi_473.jpg,Cerambycidae
rbi_474.jpg,Cerambycidae
rbi_475.jpg,Cerambycidae
rbi_476.jpg,Cerambycidae
rbi_477.jpg,Cerambycidae
rbi_478.jpg,Cerambycidae
rbi_479.jpg,Cerambycidae
rbi_480.jpg,Cerambycidae
rbi_481.jpg,Cerambycidae
rbi_482.jpg,Cerambycidae
rbi_485.jpg,Cerambycidae
rbi_486.jpg,Cerambycidae
rbi_488.jpg,Cerambycidae
rbi_489.jpg,Cerambycidae
rbi_490.jpg,Cerambycidae
rbi_491.jpg,Cerambycidae
rbi_492.jpg,Cerambycidae
rbi_493.jpg,Cerambycidae
rbi_494.jpg,Cerambycidae
rbi_495.jpg,Cerambycidae
rbi_496.jpg,Cerambycidae
rbi_497.jpg,Cerambycidae
rbi_498.jpg,Cerambycidae
rbi_500.jpg,Cerambycidae
rbi_502.jpg,Cerambycidae
rbi_1279.jpg,Cerambycidae
rbi_505.jpg,Cerambycidae
rbi_506.jpg,Cerambycidae
rbi_507.jpg,Cerambycidae
rbi_508.jpg,Cerambycidae
rbi_509.jpg,Cerambycidae
rbi_511.jpg,Cerambycidae
rbi_512.jpg,Cerambycidae
rbi_514.jpg,Cerambycidae
rbi_515.jpg,Cerambycidae
rbi_516.jpg,Cerambycidae
rbi_517.jpg,Cerambycidae
rbi_518.jpg,Cerambycidae
rbi_519.jpg,Cerambycidae
rbi_520.jpg,Cerambycidae
rbi_521.jpg,Cerambycidae
rbi_522.jpg,Cerambycidae
rbi_523.jpg,Cerambycidae
rbi_524.jpg,Cerambycidae
rbi_525.jpg,Cerambycidae
rbi_527.jpg,Cerambycidae
rbi_530.jpg,Cerambycidae
rbi_531.jpg,Cerambycidae
rbi_532.jpg,Cerambycidae
rbi_533.jpg,Cerambycidae
rbi_534.jpg,Cerambycidae
rbi_535.jpg,Cerambycidae
rbi_536.jpg,Cerambycidae
rbi_537.jpg,Cerambycidae
rbi_538.jpg,Cerambycidae
rbi_539.jpg,Cerambycidae
rbi_540.jpg,Cerambycidae
rbi_541.jpg,Cerambycidae
rbi_542.jpg,Cerambycidae
rbi_544.jpg,Cerambycidae
rbi_545.jpg,Cerambycidae
rbi_546.jpg,Cerambycidae
rbi_547.jpg,Cerambycidae
rbi_548.jpg,Cerambycidae
rbi_549.jpg,Cerambycidae
rbi_550.jpg,Cerambycidae
rbi_551.jpg,Cerambycidae
rbi_1567.jpg,Curculionidae
rbi_554.jpg,Cerambycidae
rbi_555.jpg,Cerambycidae
rbi_556.jpg,Cerambycidae
rbi_557.jpg,Cerambycidae
rbi_558.jpg,Cerambycidae
rbi_559.jpg,Cerambycidae
rbi_560.jpg,Cerambycidae
rbi_561.jpg,Cerambycidae
rbi_562.jpg,Cerambycidae
rbi_563.jpg,Cerambycidae
rbi_564.jpg,Cerambycidae
rbi_565.jpg,Cerambycidae
rbi_566.jpg,Cerambycidae
rbi_567.jpg,Cerambycidae
rbi_568.jpg,Cerambycidae
rbi_569.jpg,Cerambycidae
rbi_570.jpg,Cerambycidae
rbi_571.jpg,Cerambycidae
rbi_574.jpg,Cerambycidae
rbi_575.jpg,Cerambycidae
rbi_576.jpg,Cerambycidae
rbi_577.jpg,Cerambycidae
rbi_578.jpg,Cerambycidae
rbi_579.jpg,Cerambycidae
rbi_580.jpg,Cerambycidae
rbi_581.jpg,Cerambycidae
rbi_582.jpg,Cerambycidae
rbi_583.jpg,Cerambycidae
rbi_584.jpg,Cerambycidae
rbi_585.jpg,Cerambycidae
rbi_586.jpg,Cerambycidae
rbi_587.jpg,Cerambycidae
rbi_588.jpg,Cerambycidae
rbi_589.jpg,Cerambycidae
rbi_590.jpg,Cerambycidae
rbi_591.jpg,Cerambycidae
rbi_592.jpg,Cerambycidae
rbi_593.jpg,Cerambycidae
rbi_595.jpg,Cerambycidae
rbi_596.jpg,Cerambycidae
rbi_597.jpg,Cerambycidae
rbi_598.jpg,Cerambycidae
rbi_599.jpg,Cerambycidae
rbi_600.jpg,Cerambycidae
rbi_601.jpg,Cerambycidae
rbi_602.jpg,Cerambycidae
rbi_603.jpg,Cerambycidae
rbi_604.jpg,Cerambycidae
rbi_605.jpg,Cerambycidae
rbi_606.jpg,Cerambycidae
rbi_607.jpg,Cerambycidae
rbi_609.jpg,Cerambycidae
rbi_610.jpg,Cerambycidae
rbi_611.jpg,Cerambycidae
rbi_612.jpg,Cerambycidae
rbi_613.jpg,Cerambycidae
rbi_614.jpg,Cerambycidae
rbi_615.jpg,Cerambycidae
rbi_616.jpg,Cerambycidae
rbi_617.jpg,Cerambycidae
rbi_618.jpg,Cerambycidae
rbi_619.jpg,Cerambycidae
rbi_620.jpg,Cerambycidae
rbi_621.jpg,Cerambycidae
rbi_622.jpg,Cerambycidae
rbi_623.jpg,Cerambycidae
rbi_624.jpg,Cerambycidae
rbi_625.jpg,Cerambycidae
rbi_626.jpg,Cerambycidae
rbi_627.jpg,Cerambycidae
rbi_628.jpg,Cerambycidae
rbi_629.jpg,Cerambycidae
rbi_630.jpg,Cerambycidae
rbi_631.jpg,Cerambycidae
rbi_632.jpg,Cerambycidae
rbi_633.jpg,Cerambycidae
rbi_635.jpg,Cerambycidae
rbi_638.jpg,Cerambycidae
rbi_639.jpg,Cerambycidae
rbi_640.jpg,Cerambycidae
rbi_641.jpg,Cerambycidae
rbi_642.jpg,Cerambycidae
rbi_643.jpg,Cerambycidae
rbi_644.jpg,Cerambycidae
rbi_645.jpg,Cerambycidae
rbi_646.jpg,Cerambycidae
rbi_648.jpg,Cerambycidae
rbi_649.jpg,Cerambycidae
rbi_650.jpg,Cerambycidae
rbi_651.jpg,Cerambycidae
rbi_652.jpg,Cerambycidae
rbi_653.jpg,Cerambycidae
rbi_656.jpg,Cerambycidae
rbi_657.jpg,Cerambycidae
rbi_658.jpg,Cerambycidae
rbi_659.jpg,Cerambycidae
rbi_660.jpg,Cerambycidae
rbi_661.jpg,Cerambycidae
rbi_663.jpg,Cerambycidae
rbi_664.jpg,Cerambycidae
rbi_665.jpg,Cerambycidae
rbi_666.jpg,Cerambycidae
rbi_668.jpg,Cerambycidae
rbi_670.jpg,Cerambycidae
rbi_671.jpg,Cerambycidae
rbi_672.jpg,Cerambycidae
rbi_673.jpg,Cerambycidae
rbi_674.jpg,Cerambycidae
rbi_675.jpg,Cerambycidae
rbi_676.jpg,Cerambycidae
rbi_678.jpg,Cerambycidae
rbi_679.jpg,Cerambycidae
rbi_680.jpg,Cerambycidae
rbi_681.jpg,Cerambycidae
rbi_682.jpg,Cerambycidae
rbi_683.jpg,Cerambycidae
rbi_684.jpg,Cerambycidae
rbi_685.jpg,Cerambycidae
rbi_686.jpg,Cerambycidae
rbi_688.jpg,Cerambycidae
rbi_690.jpg,Cerambycidae
rbi_691.jpg,Cerambycidae
rbi_692.jpg,Cerambycidae
rbi_693.jpg,Cerambycidae
rbi_694.jpg,Cerambycidae
rbi_695.jpg,Cerambycidae
rbi_696.jpg,Cerambycidae
rbi_698.jpg,Cerambycidae
rbi_699.jpg,Cerambycidae
rbi_700.jpg,Cerambycidae
rbi_701.jpg,Cerambycidae
rbi_703.jpg,Cerambycidae
rbi_704.jpg,Cerambycidae
rbi_707.jpg,Cerambycidae
rbi_708.jpg,Cerambycidae
rbi_709.jpg,Cerambycidae
rbi_710.jpg,Cerambycidae
rbi_712.jpg,Cerambycidae
rbi_713.jpg,Cerambycidae
rbi_714.jpg,Cerambycidae
rbi_716.jpg,Cerambycidae
rbi_718.jpg,Cerambycidae
rbi_719.jpg,Cerambycidae
rbi_720.jpg,Cerambycidae
rbi_721.jpg,Cerambycidae
rbi_723.jpg,Cerambycidae
rbi_724.jpg,Cerambycidae
rbi_725.jpg,Cerambycidae
rbi_727.jpg,Cerambycidae
rbi_729.jpg,Cerambycidae
rbi_730.jpg,Cerambycidae
rbi_731.jpg,Cerambycidae
rbi_733.jpg,Cerambycidae
rbi_735.jpg,Cerambycidae
rbi_736.jpg,Cerambycidae
rbi_737.jpg,Cerambycidae
rbi_739.jpg,Cerambycidae
rbi_740.jpg,Cerambycidae
rbi_741.jpg,Cerambycidae
rbi_743.jpg,Cerambycidae
rbi_744.jpg,Cerambycidae
rbi_747.jpg,Cerambycidae
rbi_748.jpg,Cerambycidae
rbi_749.jpg,Cerambycidae
rbi_750.jpg,Cerambycidae
rbi_751.jpg,Cerambycidae
rbi_752.jpg,Cerambycidae
rbi_753.jpg,Cerambycidae
rbi_754.jpg,Cerambycidae
rbi_755.jpg,Cerambycidae
rbi_756.jpg,Cerambycidae
rbi_757.jpg,Cerambycidae
rbi_758.jpg,Cerambycidae
rbi_759.jpg,Cerambycidae
rbi_760.jpg,Cerambycidae
rbi_761.jpg,Cerambycidae
rbi_762.jpg,Cerambycidae
rbi_764.jpg,Cerambycidae
rbi_765.jpg,Cerambycidae
rbi_766.jpg,Cerambycidae
rbi_768.jpg,Cerambycidae
rbi_769.jpg,Cerambycidae
rbi_771.jpg,Cerambycidae
rbi_772.jpg,Cerambycidae
rbi_773.jpg,Cerambycidae
rbi_774.jpg,Cerambycidae
rbi_775.jpg,Cerambycidae
rbi_777.jpg,Cerambycidae
rbi_779.jpg,Cerambycidae
rbi_780.jpg,Cerambycidae
rbi_781.jpg,Cerambycidae
rbi_783.jpg,Cerambycidae
rbi_784.jpg,Cerambycidae
rbi_785.jpg,Cerambycidae
rbi_786.jpg,Cerambycidae
rbi_787.jpg,Cerambycidae
rbi_788.jpg,Cerambycidae
rbi_789.jpg,Cerambycidae
rbi_790.jpg,Cerambycidae
rbi_792.jpg,Cerambycidae
rbi_793.jpg,Cerambycidae
rbi_795.jpg,Cerambycidae
rbi_797.jpg,Cerambycidae
rbi_798.jpg,Cerambycidae
rbi_799.jpg,Cerambycidae
rbi_800.jpg,Cerambycidae
rbi_801.jpg,Cerambycidae
rbi_802.jpg,Cerambycidae
rbi_803.jpg,Cerambycidae
rbi_805.jpg,Cerambycidae
rbi_807.jpg,Cerambycidae
rbi_808.jpg,Cerambycidae
rbi_809.jpg,Cerambycidae
rbi_811.jpg,Cerambycidae
rbi_812.jpg,Cerambycidae
rbi_814.jpg,Cerambycidae
rbi_815.jpg,Cerambycidae
rbi_816.jpg,Cerambycidae
rbi_818.jpg,Cerambycidae
rbi_820.jpg,Cerambycidae
rbi_822.jpg,Cerambycidae
rbi_824.jpg,Cerambycidae
rbi_825.jpg,Cerambycidae
rbi_827.jpg,Cerambycidae
rbi_828.jpg,Cerambycidae
rbi_829.jpg,Cerambycidae
rbi_830.jpg,Cerambycidae
rbi_833.jpg,Cerambycidae
rbi_834.jpg,Cerambycidae
rbi_837.jpg,Cerambycidae
rbi_840.jpg,Cerambycidae
rbi_843.jpg,Cerambycidae
rbi_844.jpg,Cerambycidae
rbi_845.jpg,Cerambycidae
rbi_846.jpg,Cerambycidae
rbi_848.jpg,Cerambycidae
rbi_850.jpg,Cerambycidae
rbi_851.jpg,Cerambycidae
rbi_852.jpg,Cerambycidae
rbi_854.jpg,Cerambycidae
rbi_855.jpg,Cerambycidae
rbi_856.jpg,Cerambycidae
rbi_857.jpg,Cerambycidae
rbi_858.jpg,Cerambycidae
rbi_859.jpg,Cerambycidae
rbi_860.jpg,Cerambycidae
rbi_862.jpg,Cerambycidae
rbi_863.jpg,Cerambycidae
rbi_865.jpg,Cerambycidae
rbi_866.jpg,Cerambycidae
rbi_867.jpg,Cerambycidae
rbi_868.jpg,Cerambycidae
rbi_870.jpg,Cerambycidae
rbi_872.jpg,Cerambycidae
rbi_874.jpg,Cerambycidae
rbi_876.jpg,Cerambycidae
rbi_877.jpg,Cerambycidae
rbi_878.jpg,Cerambycidae
rbi_879.jpg,Cerambycidae
rbi_880.jpg,Cerambycidae
rbi_881.jpg,Cerambycidae
rbi_882.jpg,Cerambycidae
rbi_883.jpg,Cerambycidae
rbi_885.jpg,Cerambycidae
rbi_886.jpg,Cerambycidae
rbi_888.jpg,Cerambycidae
rbi_889.jpg,Cerambycidae
rbi_890.jpg,Cerambycidae
rbi_892.jpg,Cerambycidae
rbi_893.jpg,Cerambycidae
rbi_894.jpg,Cerambycidae
rbi_895.jpg,Cerambycidae
rbi_897.jpg,Cerambycidae
rbi_899.jpg,Cerambycidae
rbi_901.jpg,Cerambycidae
rbi_902.jpg,Cerambycidae
rbi_903.jpg,Cerambycidae
rbi_904.jpg,Cerambycidae
rbi_905.jpg,Cerambycidae
rbi_906.jpg,Cerambycidae
rbi_907.jpg,Cerambycidae
rbi_908.jpg,Cerambycidae
rbi_909.jpg,Cerambycidae
rbi_911.jpg,Cerambycidae
rbi_913.jpg,Cerambycidae
rbi_915.jpg,Cerambycidae
rbi_916.jpg,Cerambycidae
rbi_917.jpg,Cerambycidae
rbi_918.jpg,Cerambycidae
rbi_919.jpg,Cerambycidae
rbi_921.jpg,Cerambycidae
rbi_922.jpg,Cerambycidae
rbi_923.jpg,Cerambycidae
rbi_924.jpg,Cerambycidae
rbi_926.jpg,Cerambycidae
rbi_927.jpg,Cerambycidae
rbi_930.jpg,Cerambycidae
rbi_933.jpg,Cerambycidae
rbi_934.jpg,Cerambycidae
rbi_935.jpg,Cerambycidae
rbi_936.jpg,Cerambycidae
rbi_937.jpg,Cerambycidae
rbi_938.jpg,Cerambycidae
rbi_939.jpg,Cerambycidae
rbi_940.jpg,Cerambycidae
rbi_942.jpg,Cerambycidae
rbi_944.jpg,Cerambycidae
rbi_946.jpg,Cerambycidae
rbi_984.jpg,Cerambycidae
rbi_949.jpg,Cerambycidae
rbi_950.jpg,Cerambycidae
rbi_951.jpg,Cerambycidae
rbi_954.jpg,Cerambycidae
rbi_955.jpg,Cerambycidae
rbi_957.jpg,Cerambycidae
rbi_959.jpg,Cerambycidae
rbi_961.jpg,Cerambycidae
rbi_962.jpg,Cerambycidae
rbi_963.jpg,Cerambycidae
rbi_964.jpg,Cerambycidae
rbi_965.jpg,Cerambycidae
rbi_967.jpg,Cerambycidae
rbi_968.jpg,Cerambycidae
rbi_969.jpg,Cerambycidae
rbi_970.jpg,Cerambycidae
rbi_971.jpg,Cerambycidae
rbi_972.jpg,Cerambycidae
rbi_975.jpg,Cerambycidae
rbi_976.jpg,Cerambycidae
rbi_977.jpg,Cerambycidae
rbi_978.jpg,Cerambycidae
rbi_980.jpg,Cerambycidae
rbi_981.jpg,Cerambycidae
rbi_982.jpg,Cerambycidae
rbi_986.jpg,Cerambycidae
rbi_989.jpg,Cerambycidae
rbi_990.jpg,Cerambycidae
rbi_992.jpg,Cerambycidae
rbi_993.jpg,Cerambycidae
rbi_994.jpg,Cerambycidae
rbi_997.jpg,Cerambycidae
rbi_999.jpg,Cerambycidae
rbi_1001.jpg,Cerambycidae
rbi_1002.jpg,Cerambycidae
rbi_1004.jpg,Cerambycidae
rbi_1006.jpg,Cerambycidae
rbi_1007.jpg,Cerambycidae
rbi_1010.jpg,Cerambycidae
rbi_1013.jpg,Cerambycidae
rbi_1014.jpg,Cerambycidae
rbi_1016.jpg,Cerambycidae
rbi_1018.jpg,Cerambycidae
rbi_1020.jpg,Cerambycidae
rbi_1025.jpg,Cerambycidae
rbi_1026.jpg,Cerambycidae
rbi_1027.jpg,Cerambycidae
rbi_1028.jpg,Cerambycidae
rbi_1032.jpg,Cerambycidae
rbi_1033.jpg,Cerambycidae
rbi_1034.jpg,Cerambycidae
rbi_1035.jpg,Cerambycidae
rbi_1038.jpg,Cerambycidae
rbi_1039.jpg,Cerambycidae
rbi_1041.jpg,Cerambycidae
rbi_1044.jpg,Cerambycidae
rbi_1046.jpg,Cerambycidae
rbi_1049.jpg,Cerambycidae
rbi_1052.jpg,Cerambycidae
rbi_1054.jpg,Cerambycidae
rbi_1056.jpg,Cerambycidae
rbi_1057.jpg,Cerambycidae
rbi_1058.jpg,Cerambycidae
rbi_1062.jpg,Cerambycidae
rbi_1063.jpg,Cerambycidae
rbi_1064.jpg,Cerambycidae
rbi_1065.jpg,Cerambycidae
rbi_1066.jpg,Cerambycidae
rbi_1068.jpg,Cerambycidae
rbi_1070.jpg,Cerambycidae
rbi_1072.jpg,Cerambycidae
rbi_1074.jpg,Cerambycidae
rbi_1075.jpg,Cerambycidae
rbi_1076.jpg,Cerambycidae
rbi_1079.jpg,Cerambycidae
rbi_1080.jpg,Cerambycidae
rbi_1082.jpg,Cerambycidae
rbi_1083.jpg,Cerambycidae
rbi_1085.jpg,Cerambycidae
rbi_1086.jpg,Cerambycidae
rbi_1089.jpg,Cerambycidae
rbi_1090.jpg,Cerambycidae
rbi_1092.jpg,Cerambycidae
rbi_1094.jpg,Cerambycidae
rbi_1095.jpg,Cerambycidae
rbi_1097.jpg,Cerambycidae
rbi_1098.jpg,Cerambycidae
rbi_1100.jpg,Cerambycidae
rbi_1102.jpg,Cerambycidae
rbi_1103.jpg,Cerambycidae
rbi_1105.jpg,Cerambycidae
rbi_1106.jpg,Cerambycidae
rbi_1107.jpg,Cerambycidae
rbi_1109.jpg,Cerambycidae
rbi_1110.jpg,Cerambycidae
rbi_1113.jpg,Cerambycidae
rbi_1114.jpg,Cerambycidae
rbi_1115.jpg,Cerambycidae
rbi_1117.jpg,Cerambycidae
rbi_1118.jpg,Cerambycidae
rbi_1119.jpg,Cerambycidae
rbi_1120.jpg,Cerambycidae
rbi_1121.jpg,Cerambycidae
rbi_1123.jpg,Cerambycidae
rbi_1124.jpg,Cerambycidae
rbi_1125.jpg,Cerambycidae
rbi_1126.jpg,Cerambycidae
rbi_1127.jpg,Cerambycidae
rbi_1129.jpg,Cerambycidae
rbi_1131.jpg,Cerambycidae
rbi_1132.jpg,Cerambycidae
rbi_1134.jpg,Cerambycidae
rbi_1136.jpg,Cerambycidae
rbi_1137.jpg,Cerambycidae
rbi_1138.jpg,Cerambycidae
rbi_1139.jpg,Cerambycidae
rbi_1140.jpg,Cerambycidae
rbi_1141.jpg,Cerambycidae
rbi_1142.jpg,Cerambycidae
rbi_1145.jpg,Cerambycidae
rbi_1163.jpg,Cerambycidae
rbi_1146.jpg,Cerambycidae
rbi_1147.jpg,Cerambycidae
rbi_1148.jpg,Cerambycidae
rbi_1151.jpg,Cerambycidae
rbi_1152.jpg,Cerambycidae
rbi_1153.jpg,Cerambycidae
rbi_1154.jpg,Cerambycidae
rbi_1156.jpg,Cerambycidae
rbi_1157.jpg,Cerambycidae
rbi_1158.jpg,Cerambycidae
rbi_1159.jpg,Cerambycidae
rbi_1160.jpg,Cerambycidae
rbi_1513.jpg,Cicindelidae
rbi_1161.jpg,Cerambycidae
rbi_1162.jpg,Cerambycidae
rbi_1164.jpg,Cerambycidae
rbi_1166.jpg,Cerambycidae
rbi_1168.jpg,Cerambycidae
rbi_1170.jpg,Cerambycidae
rbi_1172.jpg,Cerambycidae
rbi_1174.jpg,Cerambycidae
rbi_1177.jpg,Cerambycidae
rbi_1178.jpg,Cerambycidae
rbi_1181.jpg,Cerambycidae
rbi_1182.jpg,Cerambycidae
rbi_1183.jpg,Cerambycidae
rbi_1184.jpg,Cerambycidae
rbi_1186.jpg,Cerambycidae
rbi_1189.jpg,Cerambycidae
rbi_1191.jpg,Cerambycidae
rbi_1192.jpg,Cerambycidae
rbi_1194.jpg,Cerambycidae
rbi_1195.jpg,Cerambycidae
rbi_1197.jpg,Cerambycidae
rbi_1398.jpg,Cerambycidae
rbi_1199.jpg,Cerambycidae
rbi_1201.jpg,Cerambycidae
rbi_1203.jpg,Cerambycidae
rbi_1205.jpg,Cerambycidae
rbi_1206.jpg,Cerambycidae
rbi_1207.jpg,Cerambycidae
rbi_1209.jpg,Cerambycidae
rbi_1210.jpg,Cerambycidae
rbi_1211.jpg,Cerambycidae
rbi_1212.jpg,Cerambycidae
rbi_1214.jpg,Cerambycidae
rbi_1216.jpg,Cerambycidae
rbi_1218.jpg,Cerambycidae
rbi_1219.jpg,Cerambycidae
rbi_1221.jpg,Cerambycidae
rbi_1222.jpg,Cerambycidae
rbi_1223.jpg,Cerambycidae
rbi_1224.jpg,Cerambycidae
rbi_1225.jpg,Cerambycidae
rbi_1228.jpg,Cerambycidae
rbi_1229.jpg,Cerambycidae
rbi_1231.jpg,Cerambycidae
rbi_1233.jpg,Cerambycidae
rbi_1235.jpg,Cerambycidae
rbi_1237.jpg,Cerambycidae
rbi_1238.jpg,Cerambycidae
rbi_1240.jpg,Cerambycidae
rbi_1241.jpg,Cerambycidae
rbi_1242.jpg,Cerambycidae
rbi_1243.jpg,Cerambycidae
rbi_1244.jpg,Cerambycidae
rbi_1245.jpg,Cerambycidae
rbi_1246.jpg,Cerambycidae
rbi_1247.jpg,Cerambycidae
rbi_1248.jpg,Cerambycidae
rbi_1250.jpg,Cerambycidae
rbi_1251.jpg,Cerambycidae
rbi_1253.jpg,Cerambycidae
rbi_1255.jpg,Cerambycidae
rbi_1256.jpg,Cerambycidae
rbi_1257.jpg,Cerambycidae
rbi_1258.jpg,Cerambycidae
rbi_1259.jpg,Cerambycidae
rbi_1260.jpg,Cerambycidae
rbi_1261.jpg,Cerambycidae
rbi_1262.jpg,Cerambycidae
rbi_1263.jpg,Cerambycidae
rbi_1264.jpg,Cerambycidae
rbi_1265.jpg,Cerambycidae
rbi_1266.jpg,Cerambycidae
rbi_1267.jpg,Cerambycidae
rbi_1268.jpg,Cerambycidae
rbi_1269.jpg,Cerambycidae
rbi_1270.jpg,Cerambycidae
rbi_1273.jpg,Cerambycidae
rbi_1274.jpg,Cerambycidae
rbi_1276.jpg,Cerambycidae
rbi_1277.jpg,Cerambycidae
rbi_1278.jpg,Cerambycidae
rbi_1281.jpg,Cerambycidae
rbi_1282.jpg,Cerambycidae
rbi_1283.jpg,Cerambycidae
rbi_1284.jpg,Cerambycidae
rbi_1285.jpg,Cerambycidae
rbi_1286.jpg,Cerambycidae
rbi_1288.jpg,Cerambycidae
rbi_1289.jpg,Cerambycidae
rbi_1290.jpg,Cerambycidae
rbi_1292.jpg,Cerambycidae
rbi_1293.jpg,Cerambycidae
rbi_1294.jpg,Cerambycidae
rbi_1295.jpg,Cerambycidae
rbi_1296.jpg,Cerambycidae
rbi_1298.jpg,Cerambycidae
rbi_1299.jpg,Cerambycidae
rbi_1300.jpg,Cerambycidae
rbi_1302.jpg,Cerambycidae
rbi_1303.jpg,Cerambycidae
rbi_1304.jpg,Cerambycidae
rbi_1305.jpg,Cerambycidae
rbi_1306.jpg,Cerambycidae
rbi_1307.jpg,Cerambycidae
rbi_1308.jpg,Cerambycidae
rbi_1309.jpg,Cerambycidae
rbi_1310.jpg,Cerambycidae
rbi_1311.jpg,Cerambycidae
rbi_1315.jpg,Cerambycidae
rbi_1316.jpg,Cerambycidae
rbi_1317.jpg,Cerambycidae
rbi_1318.jpg,Cerambycidae
rbi_1319.jpg,Cerambycidae
rbi_1320.jpg,Cerambycidae
rbi_1321.jpg,Cerambycidae
rbi_1322.jpg,Cerambycidae
rbi_1323.jpg,Cerambycidae
rbi_1324.jpg,Cerambycidae
rbi_1326.jpg,Cerambycidae
rbi_1328.jpg,Cerambycidae
rbi_1329.jpg,Cerambycidae
rbi_1330.jpg,Cerambycidae
rbi_1331.jpg,Cerambycidae
rbi_1332.jpg,Cerambycidae
rbi_1333.jpg,Cerambycidae
rbi_1334.jpg,Cerambycidae
rbi_1335.jpg,Cerambycidae
rbi_1336.jpg,Cerambycidae
rbi_1338.jpg,Cerambycidae
rbi_1339.jpg,Cerambycidae
rbi_1340.jpg,Cerambycidae
rbi_1341.jpg,Cerambycidae
rbi_1342.jpg,Cerambycidae
rbi_1566.jpg,Curculionidae
rbi_1343.jpg,Cerambycidae
rbi_1345.jpg,Cerambycidae
rbi_1347.jpg,Cerambycidae
rbi_1348.jpg,Cerambycidae
rbi_1352.jpg,Cerambycidae
rbi_1353.jpg,Cerambycidae
rbi_1354.jpg,Cerambycidae
rbi_1355.jpg,Cerambycidae
rbi_1356.jpg,Cerambycidae
rbi_1357.jpg,Cerambycidae
rbi_1360.jpg,Cerambycidae
rbi_1361.jpg,Cerambycidae
rbi_1362.jpg,Cerambycidae
rbi_1364.jpg,Cerambycidae
rbi_1365.jpg,Cerambycidae
rbi_1366.jpg,Cerambycidae
rbi_1367.jpg,Cerambycidae
rbi_1368.jpg,Cerambycidae
rbi_1369.jpg,Cerambycidae
rbi_1370.jpg,Cerambycidae
rbi_1373.jpg,Cerambycidae
rbi_1375.jpg,Cerambycidae
rbi_1376.jpg,Cerambycidae
rbi_1377.jpg,Cerambycidae
rbi_1379.jpg,Cerambycidae
rbi_1381.jpg,Cerambycidae
rbi_1384.jpg,Cerambycidae
rbi_1385.jpg,Cerambycidae
rbi_1386.jpg,Cerambycidae
rbi_1387.jpg,Cerambycidae
rbi_1389.jpg,Cerambycidae
rbi_1390.jpg,Cerambycidae
rbi_1391.jpg,Cerambycidae
rbi_1393.jpg,Cerambycidae
rbi_1394.jpg,Cerambycidae
rbi_1395.jpg,Cerambycidae
rbi_1396.jpg,Cerambycidae
rbi_1397.jpg,Cerambycidae
rbi_1400.jpg,Cerambycidae
rbi_1401.jpg,Cerambycidae
rbi_1402.jpg,Cerambycidae
rbi_1403.jpg,Cerambycidae
rbi_1404.jpg,Cerambycidae
rbi_1405.jpg,Cerambycidae
rbi_1408.jpg,Cerambycidae
rbi_1409.jpg,Cerambycidae
rbi_1410.jpg,Cerambycidae
rbi_1411.jpg,Cerambycidae
rbi_1412.jpg,Cerambycidae
rbi_1414.jpg,Cerambycidae
rbi_1415.jpg,Cerambycidae
rbi_1417.jpg,Cerambycidae
rbi_1418.jpg,Cerambycidae
rbi_1419.jpg,Cerambycidae
rbi_1420.jpg,Cerambycidae
rbi_1421.jpg,Cerambycidae
rbi_1423.jpg,Cerambycidae
rbi_1424.jpg,Cerambycidae
rbi_1425.jpg,Cerambycidae
rbi_1427.jpg,Cerambycidae
rbi_1428.jpg,Cerambycidae
rbi_1430.jpg,Cerambycidae
rbi_1432.jpg,Cerambycidae
rbi_1433.jpg,Cerambycidae
rbi_1434.jpg,Chrysomelidae
rbi_1435.jpg,Chrysomelidae
rbi_1437.jpg,Chrysomelidae
rbi_1440.jpg,Chrysomelidae
rbi_1442.jpg,Chrysomelidae
rbi_1443.jpg,Cicindelidae
rbi_1444.jpg,Cicindelidae
rbi_1445.jpg,Cicindelidae
rbi_1446.jpg,Cicindelidae
rbi_1448.jpg,Cicindelidae
rbi_1449.jpg,Cicindelidae
rbi_1450.jpg,Cicindelidae
rbi_1451.jpg,Cicindelidae
rbi_1452.jpg,Cicindelidae
rbi_1453.jpg,Cicindelidae
rbi_1455.jpg,Cicindelidae
rbi_1457.jpg,Cicindelidae
rbi_1458.jpg,Cicindelidae
rbi_1461.jpg,Cicindelidae
rbi_1462.jpg,Cicindelidae
rbi_1463.jpg,Cicindelidae
rbi_1464.jpg,Cicindelidae
rbi_1465.jpg,Cicindelidae
rbi_1469.jpg,Cicindelidae
rbi_1470.jpg,Cicindelidae
rbi_1471.jpg,Cicindelidae
rbi_1472.jpg,Cicindelidae
rbi_1473.jpg,Cicindelidae
rbi_1474.jpg,Cicindelidae
rbi_1475.jpg,Cicindelidae
rbi_1476.jpg,Cicindelidae
rbi_1477.jpg,Cicindelidae
rbi_1478.jpg,Cicindelidae
rbi_1479.jpg,Cicindelidae
rbi_1480.jpg,Cicindelidae
rbi_1481.jpg,Cicindelidae
rbi_1482.jpg,Cicindelidae
rbi_1483.jpg,Cicindelidae
rbi_1484.jpg,Cicindelidae
rbi_1485.jpg,Cicindelidae
rbi_1487.jpg,Cicindelidae
rbi_1488.jpg,Cicindelidae
rbi_1489.jpg,Cicindelidae
rbi_1490.jpg,Cicindelidae
rbi_1491.jpg,Cicindelidae
rbi_1492.jpg,Cicindelidae
rbi_1493.jpg,Cicindelidae
rbi_1494.jpg,Cicindelidae
rbi_1495.jpg,Cicindelidae
rbi_1496.jpg,Cicindelidae
rbi_1497.jpg,Cicindelidae
rbi_1499.jpg,Cicindelidae
rbi_1500.jpg,Cicindelidae
rbi_1501.jpg,Cicindelidae
rbi_1502.jpg,Cicindelidae
rbi_1503.jpg,Cicindelidae
rbi_1504.jpg,Cicindelidae
rbi_1505.jpg,Cicindelidae
rbi_1506.jpg,Cicindelidae
rbi_1507.jpg,Cicindelidae
rbi_1509.jpg,Cicindelidae
rbi_1511.jpg,Cicindelidae
rbi_1515.jpg,Cicindelidae
rbi_1517.jpg,Cicindelidae
rbi_1518.jpg,Cicindelidae
rbi_1519.jpg,Cicindelidae
rbi_1561.jpg,Cleridae
rbi_1522.jpg,Cicindelidae
rbi_1524.jpg,Cicindelidae
rbi_1526.jpg,Cicindelidae
rbi_1527.jpg,Cicindelidae
rbi_1528.jpg,Cicindelidae
rbi_1529.jpg,Cicindelidae
rbi_1530.jpg,Cicindelidae
rbi_1532.jpg,Cicindelidae
rbi_1533.jpg,Cicindelidae
rbi_1534.jpg,Cicindelidae
rbi_1535.jpg,Cicindelidae
rbi_1536.jpg,Cicindelidae
rbi_1537.jpg,Cicindelidae
rbi_1539.jpg,Cicindelidae
rbi_1540.jpg,Cicindelidae
rbi_1541.jpg,Cicindelidae
rbi_1542.jpg,Cicindelidae
rbi_1543.jpg,Cicindelidae
rbi_1544.jpg,Cicindelidae
rbi_1545.jpg,Cicindelidae
rbi_1546.jpg,Cicindelidae
rbi_1547.jpg,Cicindelidae
rbi_1548.jpg,Cicindelidae
rbi_1549.jpg,Cicindelidae
rbi_1550.jpg,Cicindelidae
rbi_1552.jpg,Cicindelidae
rbi_1555.jpg,Cicindelidae
rbi_1557.jpg,Cicindelidae
rbi_1559.jpg,Cleridae
rbi_1563.jpg,Curculionidae
rbi_1564.jpg,Curculionidae
rbi_1568.jpg,Dytiscidae
rbi_1569.jpg,Dytiscidae
rbi_1571.jpg,Elateridae
rbi_1572.jpg,Elateridae
rbi_1573.jpg,Elateridae
rbi_1574.jpg,Geotrupidae
rbi_1578.jpg,Geotrupidae
rbi_1583.jpg,Geotrupidae
rbi_1586.jpg,Geotrupidae
rbi_1589.jpg,Geotrupidae
rbi_1593.jpg,Geotrupidae
rbi_1595.jpg,Geotrupidae
rbi_1619.jpg,Geotrupidae
rbi_1623.jpg,Geotrupidae
rbi_1631.jpg,Geotrupidae
rbi_1632.jpg,Geotrupidae
rbi_1634.jpg,Geotrupidae
rbi_1637.jpg,Geotrupidae
rbi_1638.jpg,Geotrupidae
rbi_1648.jpg,Geotrupidae
rbi_1692.jpg,Lucanidae
rbi_1651.jpg,Geotrupidae
rbi_1657.jpg,Geotrupidae
rbi_1658.jpg,Geotrupidae
rbi_1661.jpg,Geotrupidae
rbi_1665.jpg,Geotrupidae
rbi_1666.jpg,Geotrupidae
rbi_1669.jpg,Lampyridae
rbi_1670.jpg,Lucanidae
rbi_1671.jpg,Lucanidae
rbi_1672.jpg,Lucanidae
rbi_1673.jpg,Lucanidae
rbi_1674.jpg,Lucanidae
rbi_1675.jpg,Lucanidae
rbi_1676.jpg,Lucanidae
rbi_1677.jpg,Lucanidae
rbi_1678.jpg,Lucanidae
rbi_1679.jpg,Lucanidae
rbi_1680.jpg,Lucanidae
rbi_1681.jpg,Lucanidae
rbi_1682.jpg,Lucanidae
rbi_1683.jpg,Lucanidae
rbi_1684.jpg,Lucanidae
rbi_1685.jpg,Lucanidae
rbi_1686.jpg,Lucanidae
rbi_1687.jpg,Lucanidae
rbi_1688.jpg,Lucanidae
rbi_1689.jpg,Lucanidae
rbi_1691.jpg,Lucanidae
rbi_1693.jpg,Lucanidae
rbi_1694.jpg,Lucanidae
rbi_1695.jpg,Lucanidae
rbi_1697.jpg,Lucanidae
rbi_1698.jpg,Lucanidae
rbi_1701.jpg,Lucanidae
rbi_1702.jpg,Lucanidae
rbi_1703.jpg,Lucanidae
rbi_1704.jpg,Lucanidae
rbi_1705.jpg,Lucanidae
rbi_1706.jpg,Lucanidae
rbi_1707.jpg,Lucanidae
rbi_1708.jpg,Lucanidae
rbi_1709.jpg,Lucanidae
rbi_1710.jpg,Lucanidae
rbi_1711.jpg,Lucanidae
rbi_1712.jpg,Lucanidae
rbi_1714.jpg,Lucanidae
rbi_1715.jpg,Lucanidae
rbi_1716.jpg,Lucanidae
rbi_1717.jpg,Lucanidae
rbi_1718.jpg,Lucanidae
rbi_1720.jpg,Lucanidae
rbi_1723.jpg,Lucanidae
rbi_1724.jpg,Lucanidae
rbi_1725.jpg,Lucanidae
rbi_1726.jpg,Lucanidae
rbi_1727.jpg,Lucanidae
rbi_1729.jpg,Lucanidae
rbi_1730.jpg,Lucanidae
rbi_1731.jpg,Lucanidae
rbi_1733.jpg,Lucanidae
rbi_1734.jpg,Lucanidae
rbi_1735.jpg,Lucanidae
rbi_1736.jpg,Lucanidae
rbi_1737.jpg,Lucanidae
rbi_1738.jpg,Lucanidae
rbi_1739.jpg,Lucanidae
rbi_1740.jpg,Lucanidae
rbi_1742.jpg,Lucanidae
rbi_1743.jpg,Lucanidae
rbi_1744.jpg,Lucanidae
rbi_1745.jpg,Lucanidae
rbi_1746.jpg,Lucanidae
rbi_1748.jpg,Lucanidae
rbi_1749.jpg,Lucanidae
rbi_1750.jpg,Lucanidae
rbi_1751.jpg,Lucanidae
rbi_1752.jpg,Lucanidae
rbi_1753.jpg,Lucanidae
rbi_1754.jpg,Lucanidae
rbi_1755.jpg,Lucanidae
rbi_1756.jpg,Lucanidae
rbi_1757.jpg,Lucanidae
rbi_1758.jpg,Lucanidae
rbi_1760.jpg,Lucanidae
rbi_1761.jpg,Lucanidae
rbi_1762.jpg,Lucanidae
rbi_1764.jpg,Lucanidae
rbi_1765.jpg,Lucanidae
rbi_1766.jpg,Lucanidae
rbi_1767.jpg,Lucanidae
rbi_1768.jpg,Lucanidae
rbi_1769.jpg,Lucanidae
rbi_1770.jpg,Lucanidae
rbi_1771.jpg,Lucanidae
rbi_1772.jpg,Lucanidae
rbi_1775.jpg,Lucanidae
rbi_1776.jpg,Lucanidae
rbi_1778.jpg,Lucanidae
rbi_1780.jpg,Lucanidae
rbi_1782.jpg,Lucanidae
rbi_1783.jpg,Lucanidae
rbi_1784.jpg,Lucanidae
rbi_1785.jpg,Lucanidae
rbi_1786.jpg,Lucanidae
rbi_1787.jpg,Lucanidae
rbi_1788.jpg,Lucanidae
rbi_1789.jpg,Lucanidae
rbi_1790.jpg,Lucanidae
rbi_1791.jpg,Lucanidae
rbi_1792.jpg,Lucanidae
rbi_1793.jpg,Lucanidae
rbi_1795.jpg,Lucanidae
rbi_1796.jpg,Lucanidae
rbi_1797.jpg,Lucanidae
rbi_1799.jpg,Lucanidae
rbi_1800.jpg,Lucanidae
rbi_1801.jpg,Lucanidae
rbi_1802.jpg,Lucanidae
rbi_1803.jpg,Lucanidae
rbi_1804.jpg,Lucanidae
rbi_1805.jpg,Lucanidae
rbi_1806.jpg,Lucanidae
rbi_1807.jpg,Lucanidae
rbi_1808.jpg,Lucanidae
rbi_1809.jpg,Lucanidae
rbi_1814.jpg,Lucanidae
rbi_1815.jpg,Lucanidae
rbi_1816.jpg,Lucanidae
rbi_1817.jpg,Lucanidae
rbi_1819.jpg,Lucanidae
rbi_1821.jpg,Lucanidae
rbi_1822.jpg,Lucanidae
rbi_1823.jpg,Lucanidae
rbi_1824.jpg,Lucanidae
rbi_1826.jpg,Lucanidae
rbi_1828.jpg,Lucanidae
rbi_1830.jpg,Lucanidae
rbi_1831.jpg,Lucanidae
rbi_1832.jpg,Lucanidae
rbi_1833.jpg,Lucanidae
rbi_1834.jpg,Lucanidae
rbi_1836.jpg,Lucanidae
rbi_1837.jpg,Lucanidae
rbi_1839.jpg,Lucanidae
rbi_1840.jpg,Lucanidae
rbi_1843.jpg,Lucanidae
rbi_1844.jpg,Lucanidae
rbi_1845.jpg,Lucanidae
rbi_1846.jpg,Lucanidae
rbi_1847.jpg,Lucanidae
rbi_1848.jpg,Lucanidae
rbi_1850.jpg,Lucanidae
rbi_1851.jpg,Lucanidae
rbi_1852.jpg,Lucanidae
rbi_1855.jpg,Lucanidae
rbi_1856.jpg,Lucanidae
rbi_1857.jpg,Lucanidae
rbi_1861.jpg,Lucanidae
rbi_1862.jpg,Lucanidae
rbi_1863.jpg,Lucanidae
rbi_1864.jpg,Lucanidae
rbi_1865.jpg,Lucanidae
rbi_1866.jpg,Lucanidae
rbi_1867.jpg,Lucanidae
rbi_1868.jpg,Lucanidae
rbi_1869.jpg,Lucanidae
rbi_1870.jpg,Lucanidae
rbi_1871.jpg,Lucanidae
rbi_1872.jpg,Lucanidae
rbi_1873.jpg,Lucanidae
rbi_1874.jpg,Lucanidae
rbi_1875.jpg,Lucanidae
rbi_1876.jpg,Lucanidae
rbi_1877.jpg,Lucanidae
rbi_1878.jpg,Lucanidae
rbi_1879.jpg,Lucanidae
rbi_1880.jpg,Lucanidae
rbi_1881.jpg,Lucanidae
rbi_1882.jpg,Lucanidae
rbi_1883.jpg,Lucanidae
rbi_1884.jpg,Lucanidae
rbi_1885.jpg,Lucanidae
rbi_1886.jpg,Lucanidae
rbi_1887.jpg,Lucanidae
rbi_1890.jpg,Lucanidae
rbi_1891.jpg,Lucanidae
rbi_1892.jpg,Lucanidae
rbi_1893.jpg,Lucanidae
rbi_1894.jpg,Lucanidae
rbi_1895.jpg,Lucanidae
rbi_1896.jpg,Lucanidae
rbi_1897.jpg,Lucanidae
rbi_1898.jpg,Lucanidae
rbi_1899.jpg,Lucanidae
rbi_1900.jpg,Lucanidae
rbi_1901.jpg,Lucanidae
rbi_1902.jpg,Lucanidae
rbi_1903.jpg,Lucanidae
rbi_1904.jpg,Lucanidae
rbi_1905.jpg,Lucanidae
rbi_1906.jpg,Lucanidae
rbi_1907.jpg,Lucanidae
rbi_1909.jpg,Lucanidae
rbi_1910.jpg,Lucanidae
rbi_1911.jpg,Lucanidae
rbi_1913.jpg,Lucanidae
rbi_1914.jpg,Lucanidae
rbi_1915.jpg,Lucanidae
rbi_1916.jpg,Lucanidae
rbi_1917.jpg,Lucanidae
rbi_1918.jpg,Lucanidae
rbi_1919.jpg,Lucanidae
rbi_1920.jpg,Lucanidae
rbi_1921.jpg,Lucanidae
rbi_1922.jpg,Lucanidae
rbi_1923.jpg,Lucanidae
rbi_1924.jpg,Lucanidae
rbi_1925.jpg,Lucanidae
rbi_1926.jpg,Lucanidae
rbi_1927.jpg,Lucanidae
rbi_1928.jpg,Lucanidae
rbi_1929.jpg,Lucanidae
rbi_1930.jpg,Lucanidae
rbi_1931.jpg,Lucanidae
rbi_1932.jpg,Lucanidae
rbi_1933.jpg,Lucanidae
rbi_1934.jpg,Lucanidae
rbi_1935.jpg,Lucanidae
rbi_1936.jpg,Lucanidae
rbi_1937.jpg,Lucanidae
rbi_1938.jpg,Lucanidae
rbi_1939.jpg,Lucanidae
rbi_1940.jpg,Lucanidae
rbi_1941.jpg,Lucanidae
rbi_1942.jpg,Lucanidae
rbi_1944.jpg,Lucanidae
rbi_1945.jpg,Lucanidae
rbi_1946.jpg,Lucanidae
rbi_1947.jpg,Lucanidae
rbi_1948.jpg,Lucanidae
rbi_1949.jpg,Lucanidae
rbi_1950.jpg,Lucanidae
rbi_1952.jpg,Lucanidae
rbi_1953.jpg,Lucanidae
rbi_1954.jpg,Lucanidae
rbi_1955.jpg,Lucanidae
rbi_1956.jpg,Lucanidae
rbi_1957.jpg,Lucanidae
rbi_1958.jpg,Lucanidae
rbi_1959.jpg,Lucanidae
rbi_1960.jpg,Lucanidae
rbi_1962.jpg,Lucanidae
rbi_1963.jpg,Lucanidae
rbi_1964.jpg,Lucanidae
rbi_1965.jpg,Lucanidae
rbi_1966.jpg,Lucanidae
rbi_1967.jpg,Lucanidae
rbi_1968.jpg,Lucanidae
rbi_1969.jpg,Lucanidae
rbi_1970.jpg,Lucanidae
rbi_1971.jpg,Lucanidae
rbi_1972.jpg,Lucanidae
rbi_1973.jpg,Lucanidae
rbi_1974.jpg,Lucanidae
rbi_1975.jpg,Lucanidae
rbi_1976.jpg,Lucanidae
rbi_1977.jpg,Lucanidae
rbi_1978.jpg,Lucanidae
rbi_1981.jpg,Lucanidae
rbi_1982.jpg,Lucanidae
rbi_1983.jpg,Lucanidae
rbi_1984.jpg,Lucanidae
rbi_1985.jpg,Lucanidae
rbi_1986.jpg,Lucanidae
rbi_1987.jpg,Lucanidae
rbi_1988.jpg,Lucanidae
rbi_1989.jpg,Lucanidae
rbi_1990.jpg,Lucanidae
rbi_1991.jpg,Lucanidae
rbi_1992.jpg,Lucanidae
rbi_1994.jpg,Lucanidae
rbi_1995.jpg,Lucanidae
rbi_1996.jpg,Lucanidae
rbi_1997.jpg,Lucanidae
rbi_1998.jpg,Lucanidae
rbi_1999.jpg,Lucanidae
rbi_2000.jpg,Lucanidae
rbi_2001.jpg,Lucanidae
rbi_2002.jpg,Lucanidae
rbi_2003.jpg,Lucanidae
rbi_2004.jpg,Lucanidae
rbi_2006.jpg,Lucanidae
rbi_2007.jpg,Lucanidae
rbi_2008.jpg,Lucanidae
rbi_2009.jpg,Lucanidae
rbi_2010.jpg,Lucanidae
rbi_2011.jpg,Lucanidae
rbi_2012.jpg,Lucanidae
rbi_2013.jpg,Lucanidae
rbi_2014.jpg,Lucanidae
rbi_2015.jpg,Lucanidae
rbi_2016.jpg,Lucanidae
rbi_2017.jpg,Lucanidae
rbi_2018.jpg,Lucanidae
rbi_2019.jpg,Lucanidae
rbi_2020.jpg,Lucanidae
rbi_2022.jpg,Lycidae
rbi_2024.jpg,Meloidae
rbi_2026.jpg,Meloidae
rbi_2028.jpg,Meloidae
rbi_2031.jpg,Scarabaeidae
rbi_2032.jpg,Scarabaeidae
rbi_2036.jpg,Scarabaeidae
rbi_2038.jpg,Scarabaeidae
rbi_2040.jpg,Scarabaeidae
rbi_2042.jpg,Scarabaeidae
rbi_2043.jpg,Scarabaeidae
rbi_2045.jpg,Scarabaeidae
rbi_2046.jpg,Scarabaeidae
rbi_2047.jpg,Scarabaeidae
rbi_2049.jpg,Scarabaeidae
rbi_2050.jpg,Scarabaeidae
rbi_2051.jpg,Scarabaeidae
rbi_2052.jpg,Scarabaeidae
rbi_2053.jpg,Scarabaeidae
rbi_2054.jpg,Scarabaeidae
rbi_2055.jpg,Scarabaeidae
rbi_2056.jpg,Scarabaeidae
rbi_2057.jpg,Scarabaeidae
rbi_2058.jpg,Scarabaeidae
rbi_2059.jpg,Scarabaeidae
rbi_2060.jpg,Scarabaeidae
rbi_2061.jpg,Scarabaeidae
rbi_2062.jpg,Scarabaeidae
rbi_2063.jpg,Scarabaeidae
rbi_2064.jpg,Scarabaeidae
rbi_2065.jpg,Scarabaeidae
rbi_2066.jpg,Scarabaeidae
rbi_2067.jpg,Scarabaeidae
rbi_2068.jpg,Scarabaeidae
rbi_2069.jpg,Scarabaeidae
rbi_2070.jpg,Scarabaeidae
rbi_2071.jpg,Scarabaeidae
rbi_2072.jpg,Scarabaeidae
rbi_2073.jpg,Scarabaeidae
rbi_2074.jpg,Scarabaeidae
rbi_2075.jpg,Scarabaeidae
rbi_2076.jpg,Scarabaeidae
rbi_2077.jpg,Scarabaeidae
rbi_2078.jpg,Scarabaeidae
rbi_2079.jpg,Scarabaeidae
rbi_2080.jpg,Scarabaeidae
rbi_2081.jpg,Scarabaeidae
rbi_2082.jpg,Scarabaeidae
rbi_2083.jpg,Scarabaeidae
rbi_2084.jpg,Scarabaeidae
rbi_2085.jpg,Scarabaeidae
rbi_2086.jpg,Scarabaeidae
rbi_2088.jpg,Scarabaeidae
rbi_2090.jpg,Scarabaeidae
rbi_2092.jpg,Scarabaeidae
rbi_2093.jpg,Scarabaeidae
rbi_2095.jpg,Scarabaeidae
rbi_2096.jpg,Scarabaeidae
rbi_2097.jpg,Scarabaeidae
rbi_2098.jpg,Scarabaeidae
rbi_2101.jpg,Scarabaeidae
rbi_2102.jpg,Scarabaeidae
rbi_2103.jpg,Scarabaeidae
rbi_2104.jpg,Scarabaeidae
rbi_2105.jpg,Scarabaeidae
rbi_2106.jpg,Scarabaeidae
rbi_2107.jpg,Scarabaeidae
rbi_2108.jpg,Scarabaeidae
rbi_2109.jpg,Scarabaeidae
rbi_2110.jpg,Scarabaeidae
rbi_2112.jpg,Scarabaeidae
rbi_2115.jpg,Scarabaeidae
rbi_2116.jpg,Scarabaeidae
rbi_2117.jpg,Scarabaeidae
rbi_2118.jpg,Scarabaeidae
rbi_2119.jpg,Scarabaeidae
rbi_2121.jpg,Scarabaeidae
rbi_2122.jpg,Scarabaeidae
rbi_2123.jpg,Scarabaeidae
rbi_2124.jpg,Scarabaeidae
rbi_2125.jpg,Scarabaeidae
rbi_2126.jpg,Scarabaeidae
rbi_2127.jpg,Scarabaeidae
rbi_2128.jpg,Scarabaeidae
rbi_2129.jpg,Scarabaeidae
rbi_2130.jpg,Scarabaeidae
rbi_2131.jpg,Scarabaeidae
rbi_2132.jpg,Scarabaeidae
rbi_2133.jpg,Scarabaeidae
rbi_2134.jpg,Scarabaeidae
rbi_2135.jpg,Scarabaeidae
rbi_2136.jpg,Scarabaeidae
rbi_2137.jpg,Scarabaeidae
rbi_2138.jpg,Scarabaeidae
rbi_2139.jpg,Scarabaeidae
rbi_2140.jpg,Scarabaeidae
rbi_2141.jpg,Scarabaeidae
rbi_2142.jpg,Scarabaeidae
rbi_2143.jpg,Scarabaeidae
rbi_2144.jpg,Scarabaeidae
rbi_2145.jpg,Scarabaeidae
rbi_2146.jpg,Scarabaeidae
rbi_2147.jpg,Scarabaeidae
rbi_2149.jpg,Scarabaeidae
rbi_2150.jpg,Scarabaeidae
rbi_2152.jpg,Scarabaeidae
rbi_2153.jpg,Scarabaeidae
rbi_2154.jpg,Scarabaeidae
rbi_2155.jpg,Scarabaeidae
rbi_2156.jpg,Scarabaeidae
rbi_2157.jpg,Scarabaeidae
rbi_2158.jpg,Scarabaeidae
rbi_2159.jpg,Scarabaeidae
rbi_2160.jpg,Scarabaeidae
rbi_2161.jpg,Scarabaeidae
rbi_2162.jpg,Scarabaeidae
rbi_2163.jpg,Scarabaeidae
rbi_2164.jpg,Scarabaeidae
rbi_2165.jpg,Scarabaeidae
rbi_2166.jpg,Scarabaeidae
rbi_2167.jpg,Scarabaeidae
rbi_2170.jpg,Scarabaeidae
rbi_2171.jpg,Scarabaeidae
rbi_2172.jpg,Scarabaeidae
rbi_2173.jpg,Scarabaeidae
rbi_2174.jpg,Scarabaeidae
rbi_2175.jpg,Scarabaeidae
rbi_2176.jpg,Scarabaeidae
rbi_2177.jpg,Scarabaeidae
rbi_2179.jpg,Scarabaeidae
rbi_2180.jpg,Scarabaeidae
rbi_2181.jpg,Scarabaeidae
rbi_2182.jpg,Scarabaeidae
rbi_2185.jpg,Scarabaeidae
rbi_2186.jpg,Scarabaeidae
rbi_2187.jpg,Scarabaeidae
rbi_2188.jpg,Scarabaeidae
rbi_2189.jpg,Scarabaeidae
rbi_2190.jpg,Scarabaeidae
rbi_2191.jpg,Scarabaeidae
rbi_2192.jpg,Scarabaeidae
rbi_2193.jpg,Scarabaeidae
rbi_2194.jpg,Scarabaeidae
rbi_2195.jpg,Scarabaeidae
rbi_2196.jpg,Scarabaeidae
rbi_2197.jpg,Scarabaeidae
rbi_2198.jpg,Scarabaeidae
rbi_2199.jpg,Scarabaeidae
rbi_2200.jpg,Scarabaeidae
rbi_2201.jpg,Scarabaeidae
rbi_2202.jpg,Scarabaeidae
rbi_2203.jpg,Scarabaeidae
rbi_2204.jpg,Scarabaeidae
rbi_2205.jpg,Scarabaeidae
rbi_2207.jpg,Scarabaeidae
rbi_2208.jpg,Scarabaeidae
rbi_2209.jpg,Scarabaeidae
rbi_2212.jpg,Scarabaeidae
rbi_2216.jpg,Scarabaeidae
rbi_2217.jpg,Scarabaeidae
rbi_2219.jpg,Scarabaeidae
rbi_2220.jpg,Scarabaeidae
rbi_2221.jpg,Scarabaeidae
rbi_2222.jpg,Scarabaeidae
rbi_2223.jpg,Scarabaeidae
rbi_2224.jpg,Scarabaeidae
rbi_2225.jpg,Scarabaeidae
rbi_2226.jpg,Scarabaeidae
rbi_2227.jpg,Scarabaeidae
rbi_2228.jpg,Scarabaeidae
rbi_2229.jpg,Scarabaeidae
rbi_2230.jpg,Scarabaeidae
rbi_2231.jpg,Scarabaeidae
rbi_2233.jpg,Scarabaeidae
rbi_2234.jpg,Scarabaeidae
rbi_2235.jpg,Scarabaeidae
rbi_2236.jpg,Scarabaeidae
rbi_2237.jpg,Scarabaeidae
rbi_2238.jpg,Scarabaeidae
rbi_2239.jpg,Scarabaeidae
rbi_2240.jpg,Scarabaeidae
rbi_2241.jpg,Scarabaeidae
rbi_2242.jpg,Scarabaeidae
rbi_2243.jpg,Scarabaeidae
rbi_2244.jpg,Scarabaeidae
rbi_2245.jpg,Scarabaeidae
rbi_2474.jpg,Scarabaeidae
rbi_2246.jpg,Scarabaeidae
rbi_2247.jpg,Scarabaeidae
rbi_2248.jpg,Scarabaeidae
rbi_2249.jpg,Scarabaeidae
rbi_2250.jpg,Scarabaeidae
rbi_2251.jpg,Scarabaeidae
rbi_2252.jpg,Scarabaeidae
rbi_2253.jpg,Scarabaeidae
rbi_2254.jpg,Scarabaeidae
rbi_2255.jpg,Scarabaeidae
rbi_2256.jpg,Scarabaeidae
rbi_2257.jpg,Scarabaeidae
rbi_2258.jpg,Scarabaeidae
rbi_2259.jpg,Scarabaeidae
rbi_2260.jpg,Scarabaeidae
rbi_2261.jpg,Scarabaeidae
rbi_2262.jpg,Scarabaeidae
rbi_2263.jpg,Scarabaeidae
rbi_2265.jpg,Scarabaeidae
rbi_2266.jpg,Scarabaeidae
rbi_2267.jpg,Scarabaeidae
rbi_2268.jpg,Scarabaeidae
rbi_2269.jpg,Scarabaeidae
rbi_2270.jpg,Scarabaeidae
rbi_2271.jpg,Scarabaeidae
rbi_2272.jpg,Scarabaeidae
rbi_2273.jpg,Scarabaeidae
rbi_2274.jpg,Scarabaeidae
rbi_2275.jpg,Scarabaeidae
rbi_2276.jpg,Scarabaeidae
rbi_2277.jpg,Scarabaeidae
rbi_2281.jpg,Scarabaeidae
rbi_2282.jpg,Scarabaeidae
rbi_2283.jpg,Scarabaeidae
rbi_2284.jpg,Scarabaeidae
rbi_2285.jpg,Scarabaeidae
rbi_2286.jpg,Scarabaeidae
rbi_2287.jpg,Scarabaeidae
rbi_2288.jpg,Scarabaeidae
rbi_2289.jpg,Scarabaeidae
rbi_2291.jpg,Scarabaeidae
rbi_2292.jpg,Scarabaeidae
rbi_2293.jpg,Scarabaeidae
rbi_2294.jpg,Scarabaeidae
rbi_2296.jpg,Scarabaeidae
rbi_2299.jpg,Scarabaeidae
rbi_2301.jpg,Scarabaeidae
rbi_2303.jpg,Scarabaeidae
rbi_2304.jpg,Scarabaeidae
rbi_2305.jpg,Scarabaeidae
rbi_2311.jpg,Scarabaeidae
rbi_2313.jpg,Scarabaeidae
rbi_2314.jpg,Scarabaeidae
rbi_2315.jpg,Scarabaeidae
rbi_2316.jpg,Scarabaeidae
rbi_2317.jpg,Scarabaeidae
rbi_2318.jpg,Scarabaeidae
rbi_2319.jpg,Scarabaeidae
rbi_2320.jpg,Scarabaeidae
rbi_2321.jpg,Scarabaeidae
rbi_2322.jpg,Scarabaeidae
rbi_2323.jpg,Scarabaeidae
rbi_2324.jpg,Scarabaeidae
rbi_2325.jpg,Scarabaeidae
rbi_2326.jpg,Scarabaeidae
rbi_2327.jpg,Scarabaeidae
rbi_2328.jpg,Scarabaeidae
rbi_2329.jpg,Scarabaeidae
rbi_2330.jpg,Scarabaeidae
rbi_2331.jpg,Scarabaeidae
rbi_2332.jpg,Scarabaeidae
rbi_2333.jpg,Scarabaeidae
rbi_2334.jpg,Scarabaeidae
rbi_2335.jpg,Scarabaeidae
rbi_2336.jpg,Scarabaeidae
rbi_2337.jpg,Scarabaeidae
rbi_2338.jpg,Scarabaeidae
rbi_2339.jpg,Scarabaeidae
rbi_2340.jpg,Scarabaeidae
rbi_2341.jpg,Scarabaeidae
rbi_2342.jpg,Scarabaeidae
rbi_2343.jpg,Scarabaeidae
rbi_2345.jpg,Scarabaeidae
rbi_2346.jpg,Scarabaeidae
rbi_2347.jpg,Scarabaeidae
rbi_2348.jpg,Scarabaeidae
rbi_2350.jpg,Scarabaeidae
rbi_2351.jpg,Scarabaeidae
rbi_2353.jpg,Scarabaeidae
rbi_2355.jpg,Scarabaeidae
rbi_2357.jpg,Scarabaeidae
rbi_2358.jpg,Scarabaeidae
rbi_2359.jpg,Scarabaeidae
rbi_2360.jpg,Scarabaeidae
rbi_2361.jpg,Scarabaeidae
rbi_2362.jpg,Scarabaeidae
rbi_2363.jpg,Scarabaeidae
rbi_2364.jpg,Scarabaeidae
rbi_2365.jpg,Scarabaeidae
rbi_2366.jpg,Scarabaeidae
rbi_2367.jpg,Scarabaeidae
rbi_2368.jpg,Scarabaeidae
rbi_2369.jpg,Scarabaeidae
rbi_2370.jpg,Scarabaeidae
rbi_2371.jpg,Scarabaeidae
rbi_2372.jpg,Scarabaeidae
rbi_2373.jpg,Scarabaeidae
rbi_2374.jpg,Scarabaeidae
rbi_2375.jpg,Scarabaeidae
rbi_2376.jpg,Scarabaeidae
rbi_2377.jpg,Scarabaeidae
rbi_2378.jpg,Scarabaeidae
rbi_2379.jpg,Scarabaeidae
rbi_2380.jpg,Scarabaeidae
rbi_2381.jpg,Scarabaeidae
rbi_2399.jpg,Scarabaeidae
rbi_2382.jpg,Scarabaeidae
rbi_2383.jpg,Scarabaeidae
rbi_2384.jpg,Scarabaeidae
rbi_2385.jpg,Scarabaeidae
rbi_2386.jpg,Scarabaeidae
rbi_2387.jpg,Scarabaeidae
rbi_2388.jpg,Scarabaeidae
rbi_2389.jpg,Scarabaeidae
rbi_2390.jpg,Scarabaeidae
rbi_2391.jpg,Scarabaeidae
rbi_2392.jpg,Scarabaeidae
rbi_2393.jpg,Scarabaeidae
rbi_2394.jpg,Scarabaeidae
rbi_2395.jpg,Scarabaeidae
rbi_2396.jpg,Scarabaeidae
rbi_2397.jpg,Scarabaeidae
rbi_2398.jpg,Scarabaeidae
rbi_2402.jpg,Scarabaeidae
rbi_2403.jpg,Scarabaeidae
rbi_2404.jpg,Scarabaeidae
rbi_2405.jpg,Scarabaeidae
rbi_2406.jpg,Scarabaeidae
rbi_2407.jpg,Scarabaeidae
rbi_2410.jpg,Scarabaeidae
rbi_2411.jpg,Scarabaeidae
rbi_2412.jpg,Scarabaeidae
rbi_2413.jpg,Scarabaeidae
rbi_2414.jpg,Scarabaeidae
rbi_2415.jpg,Scarabaeidae
rbi_2416.jpg,Scarabaeidae
rbi_2417.jpg,Scarabaeidae
rbi_2418.jpg,Scarabaeidae
rbi_2419.jpg,Scarabaeidae
rbi_2420.jpg,Scarabaeidae
rbi_2421.jpg,Scarabaeidae
rbi_2422.jpg,Scarabaeidae
rbi_2424.jpg,Scarabaeidae
rbi_2425.jpg,Scarabaeidae
rbi_2426.jpg,Scarabaeidae
rbi_2427.jpg,Scarabaeidae
rbi_2428.jpg,Scarabaeidae
rbi_2429.jpg,Scarabaeidae
rbi_2430.jpg,Scarabaeidae
rbi_2431.jpg,Scarabaeidae
rbi_2432.jpg,Scarabaeidae
rbi_2433.jpg,Scarabaeidae
rbi_2435.jpg,Scarabaeidae
rbi_2437.jpg,Scarabaeidae
rbi_2438.jpg,Scarabaeidae
rbi_2439.jpg,Scarabaeidae
rbi_2440.jpg,Scarabaeidae
rbi_2441.jpg,Scarabaeidae
rbi_2442.jpg,Scarabaeidae
rbi_2443.jpg,Scarabaeidae
rbi_2445.jpg,Scarabaeidae
rbi_2446.jpg,Scarabaeidae
rbi_2449.jpg,Scarabaeidae
rbi_2451.jpg,Scarabaeidae
rbi_2452.jpg,Scarabaeidae
rbi_2453.jpg,Scarabaeidae
rbi_2454.jpg,Scarabaeidae
rbi_2455.jpg,Scarabaeidae
rbi_2456.jpg,Scarabaeidae
rbi_2457.jpg,Scarabaeidae
rbi_2458.jpg,Scarabaeidae
rbi_2460.jpg,Scarabaeidae
rbi_2461.jpg,Scarabaeidae
rbi_2462.jpg,Scarabaeidae
rbi_2463.jpg,Scarabaeidae
rbi_2464.jpg,Scarabaeidae
rbi_2465.jpg,Scarabaeidae
rbi_2466.jpg,Scarabaeidae
rbi_2468.jpg,Scarabaeidae
rbi_2469.jpg,Scarabaeidae
rbi_2470.jpg,Scarabaeidae
rbi_2471.jpg,Scarabaeidae
rbi_2472.jpg,Scarabaeidae
rbi_2473.jpg,Scarabaeidae
rbi_2475.jpg,Scarabaeidae
rbi_2480.jpg,Scarabaeidae
rbi_2481.jpg,Scarabaeidae
rbi_2482.jpg,Scarabaeidae
rbi_2483.jpg,Scarabaeidae
rbi_2485.jpg,Scarabaeidae
rbi_2486.jpg,Scarabaeidae
rbi_2487.jpg,Scarabaeidae
rbi_2488.jpg,Scarabaeidae
rbi_2493.jpg,Scarabaeidae
rbi_2495.jpg,Scarabaeidae
rbi_2496.jpg,Scarabaeidae
rbi_2497.jpg,Scarabaeidae
rbi_2498.jpg,Scarabaeidae
rbi_2499.jpg,Scarabaeidae
rbi_2500.jpg,Scarabaeidae
rbi_2501.jpg,Scarabaeidae
rbi_2502.jpg,Scarabaeidae
rbi_2503.jpg,Scarabaeidae
rbi_2504.jpg,Scarabaeidae
rbi_2505.jpg,Scarabaeidae
rbi_2508.jpg,Scarabaeidae
rbi_2509.jpg,Scarabaeidae
rbi_2510.jpg,Scarabaeidae
rbi_2511.jpg,Scarabaeidae
rbi_2512.jpg,Scarabaeidae
rbi_2513.jpg,Scarabaeidae
rbi_2514.jpg,Scarabaeidae
rbi_2515.jpg,Scarabaeidae
rbi_2516.jpg,Scarabaeidae
rbi_2517.jpg,Scarabaeidae
rbi_2518.jpg,Scarabaeidae
rbi_2519.jpg,Scarabaeidae
rbi_2520.jpg,Scarabaeidae
rbi_2521.jpg,Scarabaeidae
rbi_2522.jpg,Scarabaeidae
rbi_2523.jpg,Scarabaeidae
rbi_2524.jpg,Scarabaeidae
rbi_2525.jpg,Scarabaeidae
rbi_2526.jpg,Scarabaeidae
rbi_2544.jpg,Scarabaeidae
rbi_2564.jpg,Scarabaeidae
rbi_2527.jpg,Scarabaeidae
rbi_2528.jpg,Scarabaeidae
rbi_2529.jpg,Scarabaeidae
rbi_2530.jpg,Scarabaeidae
rbi_2531.jpg,Scarabaeidae
rbi_2532.jpg,Scarabaeidae
rbi_2533.jpg,Scarabaeidae
rbi_2534.jpg,Scarabaeidae
rbi_2535.jpg,Scarabaeidae
rbi_2536.jpg,Scarabaeidae
rbi_2537.jpg,Scarabaeidae
rbi_2538.jpg,Scarabaeidae
rbi_2539.jpg,Scarabaeidae
rbi_2540.jpg,Scarabaeidae
rbi_2541.jpg,Scarabaeidae
rbi_2542.jpg,Scarabaeidae
rbi_2543.jpg,Scarabaeidae
rbi_2545.jpg,Scarabaeidae
rbi_2546.jpg,Scarabaeidae
rbi_2547.jpg,Scarabaeidae
rbi_2548.jpg,Scarabaeidae
rbi_2549.jpg,Scarabaeidae
rbi_2550.jpg,Scarabaeidae
rbi_2551.jpg,Scarabaeidae
rbi_2552.jpg,Scarabaeidae
rbi_2553.jpg,Scarabaeidae
rbi_2554.jpg,Scarabaeidae
rbi_2555.jpg,Scarabaeidae
rbi_2556.jpg,Scarabaeidae
rbi_2557.jpg,Scarabaeidae
rbi_2558.jpg,Scarabaeidae
rbi_2559.jpg,Scarabaeidae
rbi_2560.jpg,Scarabaeidae
rbi_2561.jpg,Scarabaeidae
rbi_2562.jpg,Scarabaeidae
rbi_2563.jpg,Scarabaeidae
rbi_2565.jpg,Scarabaeidae
rbi_2566.jpg,Scarabaeidae
rbi_2567.jpg,Scarabaeidae
rbi_2568.jpg,Scarabaeidae
rbi_2569.jpg,Scarabaeidae
rbi_2570.jpg,Scarabaeidae
rbi_2571.jpg,Scarabaeidae
rbi_2573.jpg,Scarabaeidae
rbi_2574.jpg,Scarabaeidae
rbi_2575.jpg,Scarabaeidae
rbi_2576.jpg,Scarabaeidae
rbi_2577.jpg,Scarabaeidae
rbi_2578.jpg,Scarabaeidae
rbi_2579.jpg,Scarabaeidae
rbi_2580.jpg,Scarabaeidae
rbi_2581.jpg,Scarabaeidae
rbi_2582.jpg,Scarabaeidae
rbi_2583.jpg,Scarabaeidae
rbi_2584.jpg,Scarabaeidae
rbi_2585.jpg,Scarabaeidae
rbi_2586.jpg,Scarabaeidae
rbi_2587.jpg,Scarabaeidae
rbi_2588.jpg,Scarabaeidae
rbi_2589.jpg,Scarabaeidae
rbi_2590.jpg,Scarabaeidae
rbi_2591.jpg,Scarabaeidae
rbi_2592.jpg,Scarabaeidae
rbi_2593.jpg,Scarabaeidae
rbi_2594.jpg,Scarabaeidae
rbi_2595.jpg,Scarabaeidae
rbi_2597.jpg,Scarabaeidae
rbi_2598.jpg,Scarabaeidae
rbi_2599.jpg,Scarabaeidae
rbi_2600.jpg,Scarabaeidae
rbi_2601.jpg,Scarabaeidae
rbi_2602.jpg,Scarabaeidae
rbi_2603.jpg,Scarabaeidae
rbi_2604.jpg,Scarabaeidae
rbi_2605.jpg,Scarabaeidae
rbi_2607.jpg,Scarabaeidae
rbi_2608.jpg,Scarabaeidae
rbi_2609.jpg,Scarabaeidae
rbi_2610.jpg,Scarabaeidae
rbi_2611.jpg,Scarabaeidae
rbi_2612.jpg,Scarabaeidae
rbi_2613.jpg,Scarabaeidae
rbi_2614.jpg,Scarabaeidae
rbi_2615.jpg,Scarabaeidae
rbi_2616.jpg,Scarabaeidae
rbi_2617.jpg,Scarabaeidae
rbi_2618.jpg,Scarabaeidae
rbi_2619.jpg,Scarabaeidae
rbi_2620.jpg,Scarabaeidae
rbi_2621.jpg,Scarabaeidae
rbi_2622.jpg,Scarabaeidae
rbi_2623.jpg,Scarabaeidae
rbi_2624.jpg,Scarabaeidae
rbi_2625.jpg,Scarabaeidae
rbi_2627.jpg,Scarabaeidae
rbi_2628.jpg,Scarabaeidae
rbi_2630.jpg,Scarabaeidae
rbi_2631.jpg,Scarabaeidae
rbi_2632.jpg,Scarabaeidae
rbi_2633.jpg,Scarabaeidae
rbi_2634.jpg,Scarabaeidae
rbi_2635.jpg,Scarabaeidae
rbi_2636.jpg,Scarabaeidae
rbi_2637.jpg,Scarabaeidae
rbi_2638.jpg,Scarabaeidae
rbi_2639.jpg,Scarabaeidae
rbi_2640.jpg,Scarabaeidae
rbi_2641.jpg,Scarabaeidae
rbi_2642.jpg,Scarabaeidae
rbi_2643.jpg,Scarabaeidae
rbi_2644.jpg,Scarabaeidae
rbi_2645.jpg,Scarabaeidae
rbi_2646.jpg,Scarabaeidae
rbi_2647.jpg,Scarabaeidae
rbi_2648.jpg,Scarabaeidae
rbi_2649.jpg,Scarabaeidae
rbi_2652.jpg,Scarabaeidae
rbi_2654.jpg,Scarabaeidae
rbi_2655.jpg,Scarabaeidae
rbi_2656.jpg,Scarabaeidae
rbi_2657.jpg,Scarabaeidae
rbi_2658.jpg,Scarabaeidae
rbi_2660.jpg,Scarabaeidae
rbi_2661.jpg,Scarabaeidae
rbi_2662.jpg,Scarabaeidae
rbi_2663.jpg,Scarabaeidae
rbi_2664.jpg,Scarabaeidae
rbi_2665.jpg,Scarabaeidae
rbi_2666.jpg,Scarabaeidae
rbi_2667.jpg,Scarabaeidae
rbi_2668.jpg,Scarabaeidae
rbi_2669.jpg,Scarabaeidae
rbi_2671.jpg,Scarabaeidae
rbi_2672.jpg,Scarabaeidae
rbi_2673.jpg,Scarabaeidae
rbi_2674.jpg,Scarabaeidae
rbi_2675.jpg,Scarabaeidae
rbi_2676.jpg,Scarabaeidae
rbi_2677.jpg,Scarabaeidae
rbi_2678.jpg,Scarabaeidae
rbi_2679.jpg,Scarabaeidae
rbi_2680.jpg,Scarabaeidae
rbi_2682.jpg,Scarabaeidae
rbi_2683.jpg,Scarabaeidae
rbi_2686.jpg,Scarabaeidae
rbi_2687.jpg,Scarabaeidae
rbi_2690.jpg,Scarabaeidae
rbi_2691.jpg,Scarabaeidae
rbi_2693.jpg,Scarabaeidae
rbi_2695.jpg,Scarabaeidae
rbi_2696.jpg,Scarabaeidae
rbi_2697.jpg,Scarabaeidae
rbi_2698.jpg,Scarabaeidae
rbi_2699.jpg,Scarabaeidae
rbi_2700.jpg,Scarabaeidae
rbi_2701.jpg,Scarabaeidae
rbi_2702.jpg,Scarabaeidae
rbi_2703.jpg,Scarabaeidae
rbi_2704.jpg,Scarabaeidae
rbi_2705.jpg,Scarabaeidae
rbi_2706.jpg,Scarabaeidae
rbi_2707.jpg,Scarabaeidae
rbi_2708.jpg,Scarabaeidae
rbi_2709.jpg,Scarabaeidae
rbi_2710.jpg,Scarabaeidae
rbi_2712.jpg,Scarabaeidae
rbi_2713.jpg,Scarabaeidae
rbi_2714.jpg,Scarabaeidae
rbi_2715.jpg,Scarabaeidae
rbi_2716.jpg,Scarabaeidae
rbi_2717.jpg,Scarabaeidae
rbi_2718.jpg,Scarabaeidae
rbi_2719.jpg,Scarabaeidae
rbi_2720.jpg,Scarabaeidae
rbi_2721.jpg,Scarabaeidae
rbi_2722.jpg,Scarabaeidae
rbi_2723.jpg,Scarabaeidae
rbi_2724.jpg,Scarabaeidae
rbi_2725.jpg,Scarabaeidae
rbi_2726.jpg,Scarabaeidae
rbi_2727.jpg,Scarabaeidae
rbi_2728.jpg,Scarabaeidae
rbi_2730.jpg,Scarabaeidae
rbi_2731.jpg,Scarabaeidae
rbi_2732.jpg,Scarabaeidae
rbi_2733.jpg,Scarabaeidae
rbi_2734.jpg,Scarabaeidae
rbi_2735.jpg,Scarabaeidae
rbi_2736.jpg,Scarabaeidae
rbi_2737.jpg,Scarabaeidae
rbi_2738.jpg,Scarabaeidae
rbi_2739.jpg,Scarabaeidae
rbi_2740.jpg,Scarabaeidae
rbi_2741.jpg,Scarabaeidae
rbi_2743.jpg,Scarabaeidae
rbi_2744.jpg,Scarabaeidae
rbi_2745.jpg,Scarabaeidae
rbi_2746.jpg,Scarabaeidae
rbi_2747.jpg,Scarabaeidae
rbi_2749.jpg,Scarabaeidae
rbi_2751.jpg,Scarabaeidae
rbi_2752.jpg,Scarabaeidae
rbi_2753.jpg,Scarabaeidae
rbi_2754.jpg,Scarabaeidae
rbi_2758.jpg,Scarabaeidae
rbi_2759.jpg,Scarabaeidae
rbi_2761.jpg,Scarabaeidae
rbi_2762.jpg,Scarabaeidae
rbi_2763.jpg,Scarabaeidae
rbi_2764.jpg,Scarabaeidae
rbi_2765.jpg,Scarabaeidae
rbi_2766.jpg,Scarabaeidae
rbi_2767.jpg,Scarabaeidae
rbi_2768.jpg,Scarabaeidae
rbi_2769.jpg,Scarabaeidae
rbi_2771.jpg,Scarabaeidae
rbi_2773.jpg,Scarabaeidae
rbi_2774.jpg,Scarabaeidae
rbi_2775.jpg,Scarabaeidae
rbi_2776.jpg,Scarabaeidae
rbi_2777.jpg,Scarabaeidae
rbi_2778.jpg,Scarabaeidae
rbi_2779.jpg,Scarabaeidae
rbi_2781.jpg,Scarabaeidae
rbi_2782.jpg,Scarabaeidae
rbi_2784.jpg,Scarabaeidae
rbi_2785.jpg,Scarabaeidae
rbi_2786.jpg,Scarabaeidae
rbi_2788.jpg,Scarabaeidae
rbi_2789.jpg,Scarabaeidae
rbi_2791.jpg,Scarabaeidae
rbi_2792.jpg,Scarabaeidae
rbi_2794.jpg,Scarabaeidae
rbi_2795.jpg,Scarabaeidae
rbi_2796.jpg,Scarabaeidae
rbi_2797.jpg,Scarabaeidae
rbi_2799.jpg,Scarabaeidae
rbi_2800.jpg,Scarabaeidae
rbi_2801.jpg,Scarabaeidae
rbi_2802.jpg,Scarabaeidae
rbi_2804.jpg,Scarabaeidae
rbi_2805.jpg,Scarabaeidae
rbi_2806.jpg,Scarabaeidae
rbi_2808.jpg,Scarabaeidae
rbi_2809.jpg,Scarabaeidae
rbi_2810.jpg,Scarabaeidae
rbi_2811.jpg,Scarabaeidae
rbi_2813.jpg,Scarabaeidae
rbi_2814.jpg,Scarabaeidae
rbi_2815.jpg,Scarabaeidae
rbi_2818.jpg,Scarabaeidae
rbi_2819.jpg,Scarabaeidae
rbi_2820.jpg,Scarabaeidae
rbi_2821.jpg,Scarabaeidae
rbi_2822.jpg,Scarabaeidae
rbi_2823.jpg,Scarabaeidae
rbi_2824.jpg,Scarabaeidae
rbi_2825.jpg,Scarabaeidae
rbi_2826.jpg,Scarabaeidae
rbi_2827.jpg,Scarabaeidae
rbi_2829.jpg,Scarabaeidae
rbi_2830.jpg,Scarabaeidae
rbi_2831.jpg,Scarabaeidae
rbi_2833.jpg,Scarabaeidae
rbi_2834.jpg,Scarabaeidae
rbi_2837.jpg,Scarabaeidae
rbi_2838.jpg,Scarabaeidae
rbi_2839.jpg,Scarabaeidae
rbi_2840.jpg,Scarabaeidae
rbi_2841.jpg,Scarabaeidae
rbi_2842.jpg,Scarabaeidae
rbi_2845.jpg,Scarabaeidae
rbi_2847.jpg,Scarabaeidae
rbi_2848.jpg,Scarabaeidae
rbi_2849.jpg,Scarabaeidae
rbi_2850.jpg,Scarabaeidae
rbi_2851.jpg,Scarabaeidae
rbi_2852.jpg,Scarabaeidae
rbi_2853.jpg,Scarabaeidae
rbi_2854.jpg,Scarabaeidae
rbi_2855.jpg,Scarabaeidae
rbi_2856.jpg,Scarabaeidae
rbi_2857.jpg,Scarabaeidae
rbi_2858.jpg,Scarabaeidae
rbi_2859.jpg,Scarabaeidae
rbi_2860.jpg,Scarabaeidae
rbi_2861.jpg,Scarabaeidae
rbi_2862.jpg,Scarabaeidae
rbi_2863.jpg,Scarabaeidae
rbi_2864.jpg,Scarabaeidae
rbi_2865.jpg,Scarabaeidae
rbi_2866.jpg,Scarabaeidae
rbi_2867.jpg,Scarabaeidae
rbi_2868.jpg,Scarabaeidae
rbi_2869.jpg,Scarabaeidae
rbi_2870.jpg,Scarabaeidae
rbi_2871.jpg,Scarabaeidae
rbi_2872.jpg,Scarabaeidae
rbi_2873.jpg,Scarabaeidae
rbi_2874.jpg,Scarabaeidae
rbi_2875.jpg,Scarabaeidae
rbi_2876.jpg,Scarabaeidae
rbi_2878.jpg,Scarabaeidae
rbi_2879.jpg,Scarabaeidae
rbi_2880.jpg,Scarabaeidae
rbi_2881.jpg,Scarabaeidae
rbi_2882.jpg,Scarabaeidae
rbi_2883.jpg,Scarabaeidae
rbi_2884.jpg,Scarabaeidae
rbi_2885.jpg,Scarabaeidae
rbi_2886.jpg,Scarabaeidae
rbi_2887.jpg,Scarabaeidae
rbi_2889.jpg,Scarabaeidae
rbi_2890.jpg,Scarabaeidae
rbi_2891.jpg,Scarabaeidae
rbi_2892.jpg,Scarabaeidae
rbi_2893.jpg,Scarabaeidae
rbi_2894.jpg,Scarabaeidae
rbi_2895.jpg,Scarabaeidae
rbi_2896.jpg,Scarabaeidae
rbi_2897.jpg,Scarabaeidae
rbi_2898.jpg,Scarabaeidae
rbi_2899.jpg,Scarabaeidae
rbi_2901.jpg,Scarabaeidae
rbi_2902.jpg,Scarabaeidae
rbi_2903.jpg,Scarabaeidae
rbi_2904.jpg,Scarabaeidae
rbi_2905.jpg,Scarabaeidae
rbi_2906.jpg,Scarabaeidae
rbi_2907.jpg,Scarabaeidae
rbi_2908.jpg,Scarabaeidae
rbi_2909.jpg,Scarabaeidae
rbi_2910.jpg,Scarabaeidae
rbi_2911.jpg,Scarabaeidae
rbi_2912.jpg,Scarabaeidae
rbi_2913.jpg,Scarabaeidae
rbi_2914.jpg,Scarabaeidae
rbi_2915.jpg,Scarabaeidae
rbi_2916.jpg,Scarabaeidae
rbi_2917.jpg,Scarabaeidae
rbi_2918.jpg,Scarabaeidae
rbi_2919.jpg,Scarabaeidae
rbi_2920.jpg,Scarabaeidae
rbi_2921.jpg,Scarabaeidae
rbi_2922.jpg,Scarabaeidae
rbi_2923.jpg,Scarabaeidae
rbi_2924.jpg,Scarabaeidae
rbi_2925.jpg,Scarabaeidae
rbi_2926.jpg,Scarabaeidae
rbi_2927.jpg,Scarabaeidae
rbi_2928.jpg,Scarabaeidae
rbi_2929.jpg,Scarabaeidae
rbi_2930.jpg,Scarabaeidae
rbi_2931.jpg,Scarabaeidae
rbi_2932.jpg,Scarabaeidae
rbi_2933.jpg,Scarabaeidae
rbi_2934.jpg,Scarabaeidae
rbi_2935.jpg,Scarabaeidae
rbi_2937.jpg,Scarabaeidae
rbi_2938.jpg,Scarabaeidae
rbi_2939.jpg,Scarabaeidae
rbi_2940.jpg,Scarabaeidae
rbi_2941.jpg,Scarabaeidae
rbi_2942.jpg,Scarabaeidae
rbi_2943.jpg,Scarabaeidae
rbi_2945.jpg,Scarabaeidae
rbi_2946.jpg,Scarabaeidae
rbi_2947.jpg,Scarabaeidae
rbi_2948.jpg,Scarabaeidae
rbi_2949.jpg,Scarabaeidae
rbi_2951.jpg,Scarabaeidae
rbi_2952.jpg,Scarabaeidae
rbi_2953.jpg,Scarabaeidae
rbi_2954.jpg,Scarabaeidae
rbi_2955.jpg,Scarabaeidae
rbi_2956.jpg,Scarabaeidae
rbi_2957.jpg,Scarabaeidae
rbi_2958.jpg,Scarabaeidae
rbi_2959.jpg,Scarabaeidae
rbi_2960.jpg,Scarabaeidae
rbi_2961.jpg,Scarabaeidae
rbi_2962.jpg,Scarabaeidae
rbi_2963.jpg,Scarabaeidae
rbi_2964.jpg,Scarabaeidae
rbi_2965.jpg,Scarabaeidae
rbi_2966.jpg,Scarabaeidae
rbi_2967.jpg,Scarabaeidae
rbi_2968.jpg,Scarabaeidae
rbi_2969.jpg,Scarabaeidae
rbi_2972.jpg,Scarabaeidae
rbi_2973.jpg,Scarabaeidae
rbi_2974.jpg,Scarabaeidae
rbi_2979.jpg,Scarabaeidae
rbi_2980.jpg,Scarabaeidae
rbi_2981.jpg,Scarabaeidae
rbi_2982.jpg,Scarabaeidae
rbi_2983.jpg,Scarabaeidae
rbi_2984.jpg,Scarabaeidae
rbi_2985.jpg,Scarabaeidae
rbi_2986.jpg,Scarabaeidae
rbi_2987.jpg,Scarabaeidae
rbi_2990.jpg,Scarabaeidae
rbi_2991.jpg,Scarabaeidae
rbi_2992.jpg,Scarabaeidae
rbi_2993.jpg,Scarabaeidae
rbi_2994.jpg,Scarabaeidae
rbi_2995.jpg,Scarabaeidae
rbi_2996.jpg,Scarabaeidae
rbi_2997.jpg,Scarabaeidae
rbi_2998.jpg,Scarabaeidae
rbi_3000.jpg,Scarabaeidae
rbi_3001.jpg,Scarabaeidae
rbi_3002.jpg,Scarabaeidae
rbi_3003.jpg,Scarabaeidae
rbi_3004.jpg,Scarabaeidae
rbi_3006.jpg,Scarabaeidae
rbi_3007.jpg,Scarabaeidae
rbi_3008.jpg,Scarabaeidae
rbi_3016.jpg,Scarabaeidae
rbi_3017.jpg,Scarabaeidae
rbi_3019.jpg,Scarabaeidae
rbi_3021.jpg,Scarabaeidae
rbi_3022.jpg,Scarabaeidae
rbi_3024.jpg,Scarabaeidae
rbi_3025.jpg,Scarabaeidae
rbi_3026.jpg,Scarabaeidae
rbi_3028.jpg,Scarabaeidae
rbi_3030.jpg,Scarabaeidae
rbi_3033.jpg,Scarabaeidae
rbi_3034.jpg,Scarabaeidae
rbi_3035.jpg,Scarabaeidae
rbi_3036.jpg,Scarabaeidae
rbi_3037.jpg,Scarabaeidae
rbi_3038.jpg,Scarabaeidae
rbi_3039.jpg,Scarabaeidae
rbi_3040.jpg,Scarabaeidae
rbi_3041.jpg,Scarabaeidae
rbi_3042.jpg,Scarabaeidae
rbi_3043.jpg,Scarabaeidae
rbi_3044.jpg,Scarabaeidae
rbi_3045.jpg,Scarabaeidae
rbi_3046.jpg,Scarabaeidae
rbi_3047.jpg,Scarabaeidae
rbi_3048.jpg,Scarabaeidae
rbi_3049.jpg,Scarabaeidae
rbi_3050.jpg,Scarabaeidae
rbi_3051.jpg,Scarabaeidae
rbi_3052.jpg,Scarabaeidae
rbi_3053.jpg,Scarabaeidae
rbi_3054.jpg,Scarabaeidae
rbi_3055.jpg,Scarabaeidae
rbi_3056.jpg,Scarabaeidae
rbi_3057.jpg,Scarabaeidae
rbi_3058.jpg,Scarabaeidae
rbi_3059.jpg,Scarabaeidae
rbi_3060.jpg,Scarabaeidae
rbi_3062.jpg,Scarabaeidae
rbi_3063.jpg,Scarabaeidae
rbi_3064.jpg,Scarabaeidae
rbi_3065.jpg,Scarabaeidae
rbi_3066.jpg,Scarabaeidae
rbi_3068.jpg,Scarabaeidae
rbi_3069.jpg,Scarabaeidae
rbi_3070.jpg,Scarabaeidae
rbi_3071.jpg,Scarabaeidae
rbi_3072.jpg,Scarabaeidae
rbi_3073.jpg,Scarabaeidae
rbi_3074.jpg,Scarabaeidae
rbi_3075.jpg,Scarabaeidae
rbi_3076.jpg,Scarabaeidae
rbi_3078.jpg,Scarabaeidae
rbi_3079.jpg,Scarabaeidae
rbi_3080.jpg,Scarabaeidae
rbi_3081.jpg,Scarabaeidae
rbi_3082.jpg,Scarabaeidae
rbi_3083.jpg,Scarabaeidae
rbi_3084.jpg,Scarabaeidae
rbi_3085.jpg,Scarabaeidae
rbi_3086.jpg,Scarabaeidae
rbi_3087.jpg,Scarabaeidae
rbi_3088.jpg,Scarabaeidae
rbi_3089.jpg,Scarabaeidae
rbi_3090.jpg,Scarabaeidae
rbi_3091.jpg,Scarabaeidae
rbi_3092.jpg,Scarabaeidae
rbi_3095.jpg,Scarabaeidae
rbi_3097.jpg,Scarabaeidae
rbi_3099.jpg,Scarabaeidae
rbi_3100.jpg,Scarabaeidae
rbi_3101.jpg,Scarabaeidae
rbi_3102.jpg,Scarabaeidae
rbi_3103.jpg,Scarabaeidae
rbi_3104.jpg,Scarabaeidae
rbi_3105.jpg,Scarabaeidae
rbi_3106.jpg,Scarabaeidae
rbi_3109.jpg,Scarabaeidae
rbi_3110.jpg,Scarabaeidae
rbi_3129.jpg,Scarabaeidae
rbi_3111.jpg,Scarabaeidae
rbi_3112.jpg,Scarabaeidae
rbi_3113.jpg,Scarabaeidae
rbi_3114.jpg,Scarabaeidae
rbi_3116.jpg,Scarabaeidae
rbi_3118.jpg,Scarabaeidae
rbi_3119.jpg,Scarabaeidae
rbi_3121.jpg,Scarabaeidae
rbi_3122.jpg,Scarabaeidae
rbi_3123.jpg,Scarabaeidae
rbi_3125.jpg,Scarabaeidae
rbi_3126.jpg,Scarabaeidae
rbi_3127.jpg,Scarabaeidae
rbi_3130.jpg,Scarabaeidae
rbi_3131.jpg,Scarabaeidae
rbi_3132.jpg,Scarabaeidae
rbi_3133.jpg,Scarabaeidae
rbi_3135.jpg,Scarabaeidae
rbi_3136.jpg,Scarabaeidae
rbi_3138.jpg,Scarabaeidae
rbi_3139.jpg,Scarabaeidae
rbi_3140.jpg,Scarabaeidae
rbi_3142.jpg,Scarabaeidae
rbi_3143.jpg,Scarabaeidae
rbi_3145.jpg,Scarabaeidae
rbi_3146.jpg,Scarabaeidae
rbi_3149.jpg,Scarabaeidae
rbi_3151.jpg,Scarabaeidae
rbi_3152.jpg,Scarabaeidae
rbi_3157.jpg,Scarabaeidae
rbi_3158.jpg,Scarabaeidae
rbi_3160.jpg,Scarabaeidae
rbi_3162.jpg,Scarabaeidae
rbi_3163.jpg,Scarabaeidae
rbi_3167.jpg,Scarabaeidae
rbi_3168.jpg,Scarabaeidae
rbi_3169.jpg,Scarabaeidae
rbi_3170.jpg,Scarabaeidae
rbi_3171.jpg,Scarabaeidae
rbi_3172.jpg,Scarabaeidae
rbi_3173.jpg,Scarabaeidae
rbi_3174.jpg,Scarabaeidae
rbi_3175.jpg,Scarabaeidae
rbi_3176.jpg,Scarabaeidae
rbi_3177.jpg,Scarabaeidae
rbi_3179.jpg,Scarabaeidae
rbi_3181.jpg,Scarabaeidae
rbi_3183.jpg,Scarabaeidae
rbi_3184.jpg,Scarabaeidae
rbi_3185.jpg,Scarabaeidae
rbi_3186.jpg,Scarabaeidae
rbi_3187.jpg,Scarabaeidae
rbi_3191.jpg,Scarabaeidae
rbi_3192.jpg,Scarabaeidae
rbi_3195.jpg,Scarabaeidae
rbi_3198.jpg,Scarabaeidae
rbi_3201.jpg,Scarabaeidae
rbi_3202.jpg,Scarabaeidae
rbi_3203.jpg,Scarabaeidae
rbi_3205.jpg,Scarabaeidae
rbi_3206.jpg,Scarabaeidae
rbi_3207.jpg,Scarabaeidae
rbi_3209.jpg,Scarabaeidae
rbi_3211.jpg,Scarabaeidae
rbi_3213.jpg,Scarabaeidae
rbi_3215.jpg,Scarabaeidae
rbi_3217.jpg,Scarabaeidae
rbi_3219.jpg,Scarabaeidae
rbi_3221.jpg,Scarabaeidae
rbi_3223.jpg,Scarabaeidae
rbi_3224.jpg,Scarabaeidae
rbi_3226.jpg,Scarabaeidae
rbi_3228.jpg,Scarabaeidae
rbi_3230.jpg,Scarabaeidae
rbi_3231.jpg,Scarabaeidae
rbi_3232.jpg,Scarabaeidae
rbi_3233.jpg,Scarabaeidae
rbi_3235.jpg,Scarabaeidae
rbi_3237.jpg,Scarabaeidae
rbi_3238.jpg,Scarabaeidae
rbi_3240.jpg,Scarabaeidae
rbi_3242.jpg,Scarabaeidae
rbi_3243.jpg,Scarabaeidae
rbi_3245.jpg,Scarabaeidae
rbi_3246.jpg,Scarabaeidae
rbi_3247.jpg,Scarabaeidae
rbi_3249.jpg,Scarabaeidae
rbi_3252.jpg,Scarabaeidae
rbi_3254.jpg,Scarabaeidae
rbi_3255.jpg,Scarabaeidae
rbi_3257.jpg,Scarabaeidae
rbi_3258.jpg,Scarabaeidae
rbi_3260.jpg,Scarabaeidae
rbi_3261.jpg,Scarabaeidae
rbi_3262.jpg,Scarabaeidae
rbi_3265.jpg,Scarabaeidae
rbi_3266.jpg,Scarabaeidae
rbi_3267.jpg,Scarabaeidae
rbi_3269.jpg,Scarabaeidae
rbi_3270.jpg,Scarabaeidae
rbi_3272.jpg,Scarabaeidae
rbi_3273.jpg,Scarabaeidae
rbi_3278.jpg,Scarabaeidae
rbi_3280.jpg,Scarabaeidae
rbi_3283.jpg,Scarabaeidae
rbi_3284.jpg,Scarabaeidae
rbi_3286.jpg,Scarabaeidae
rbi_3288.jpg,Scarabaeidae
rbi_3289.jpg,Scarabaeidae
rbi_3291.jpg,Scarabaeidae
rbi_3296.jpg,Scarabaeidae
rbi_3297.jpg,Scarabaeidae
rbi_3298.jpg,Scarabaeidae
rbi_3301.jpg,Scarabaeidae
rbi_3304.jpg,Scarabaeidae
rbi_3621.jpg,Scarabaeidae
rbi_3306.jpg,Scarabaeidae
rbi_3308.jpg,Scarabaeidae
rbi_3309.jpg,Scarabaeidae
rbi_3313.jpg,Scarabaeidae
rbi_3317.jpg,Scarabaeidae
rbi_3319.jpg,Scarabaeidae
rbi_3320.jpg,Scarabaeidae
rbi_3321.jpg,Scarabaeidae
rbi_3323.jpg,Scarabaeidae
rbi_3325.jpg,Scarabaeidae
rbi_3326.jpg,Scarabaeidae
rbi_3329.jpg,Scarabaeidae
rbi_3330.jpg,Scarabaeidae
rbi_3331.jpg,Scarabaeidae
rbi_3334.jpg,Scarabaeidae
rbi_3335.jpg,Scarabaeidae
rbi_3337.jpg,Scarabaeidae
rbi_3340.jpg,Scarabaeidae
rbi_3341.jpg,Scarabaeidae
rbi_3343.jpg,Scarabaeidae
rbi_3344.jpg,Scarabaeidae
rbi_3345.jpg,Scarabaeidae
rbi_3349.jpg,Scarabaeidae
rbi_3350.jpg,Scarabaeidae
rbi_3351.jpg,Scarabaeidae
rbi_3353.jpg,Scarabaeidae
rbi_3355.jpg,Scarabaeidae
rbi_3356.jpg,Scarabaeidae
rbi_3357.jpg,Scarabaeidae
rbi_3358.jpg,Scarabaeidae
rbi_3359.jpg,Scarabaeidae
rbi_3360.jpg,Scarabaeidae
rbi_3361.jpg,Scarabaeidae
rbi_3363.jpg,Scarabaeidae
rbi_3365.jpg,Scarabaeidae
rbi_3367.jpg,Scarabaeidae
rbi_3368.jpg,Scarabaeidae
rbi_3372.jpg,Scarabaeidae
rbi_3373.jpg,Scarabaeidae
rbi_3375.jpg,Scarabaeidae
rbi_3379.jpg,Scarabaeidae
rbi_3380.jpg,Scarabaeidae
rbi_3381.jpg,Scarabaeidae
rbi_3382.jpg,Scarabaeidae
rbi_3384.jpg,Scarabaeidae
rbi_3385.jpg,Scarabaeidae
rbi_3386.jpg,Scarabaeidae
rbi_3387.jpg,Scarabaeidae
rbi_3388.jpg,Scarabaeidae
rbi_3389.jpg,Scarabaeidae
rbi_3390.jpg,Scarabaeidae
rbi_3391.jpg,Scarabaeidae
rbi_3393.jpg,Scarabaeidae
rbi_3394.jpg,Scarabaeidae
rbi_3397.jpg,Scarabaeidae
rbi_3398.jpg,Scarabaeidae
rbi_3399.jpg,Scarabaeidae
rbi_3400.jpg,Scarabaeidae
rbi_3401.jpg,Scarabaeidae
rbi_3402.jpg,Scarabaeidae
rbi_3405.jpg,Scarabaeidae
rbi_3406.jpg,Scarabaeidae
rbi_3407.jpg,Scarabaeidae
rbi_3408.jpg,Scarabaeidae
rbi_3411.jpg,Scarabaeidae
rbi_3414.jpg,Scarabaeidae
rbi_3415.jpg,Scarabaeidae
rbi_3417.jpg,Scarabaeidae
rbi_3418.jpg,Scarabaeidae
rbi_3420.jpg,Scarabaeidae
rbi_3421.jpg,Scarabaeidae
rbi_3422.jpg,Scarabaeidae
rbi_3423.jpg,Scarabaeidae
rbi_3424.jpg,Scarabaeidae
rbi_3425.jpg,Scarabaeidae
rbi_3426.jpg,Scarabaeidae
rbi_3427.jpg,Scarabaeidae
rbi_3428.jpg,Scarabaeidae
rbi_3429.jpg,Scarabaeidae
rbi_3430.jpg,Scarabaeidae
rbi_3431.jpg,Scarabaeidae
rbi_3433.jpg,Scarabaeidae
rbi_3434.jpg,Scarabaeidae
rbi_3436.jpg,Scarabaeidae
rbi_3437.jpg,Scarabaeidae
rbi_3438.jpg,Scarabaeidae
rbi_3439.jpg,Scarabaeidae
rbi_3440.jpg,Scarabaeidae
rbi_3441.jpg,Scarabaeidae
rbi_3442.jpg,Scarabaeidae
rbi_3444.jpg,Scarabaeidae
rbi_3446.jpg,Scarabaeidae
rbi_3448.jpg,Scarabaeidae
rbi_3449.jpg,Scarabaeidae
rbi_3452.jpg,Scarabaeidae
rbi_3453.jpg,Scarabaeidae
rbi_3457.jpg,Scarabaeidae
rbi_3458.jpg,Scarabaeidae
rbi_3459.jpg,Scarabaeidae
rbi_3461.jpg,Scarabaeidae
rbi_3463.jpg,Scarabaeidae
rbi_3464.jpg,Scarabaeidae
rbi_3467.jpg,Scarabaeidae
rbi_3468.jpg,Scarabaeidae
rbi_3471.jpg,Scarabaeidae
rbi_3473.jpg,Scarabaeidae
rbi_3474.jpg,Scarabaeidae
rbi_3479.jpg,Scarabaeidae
rbi_3480.jpg,Scarabaeidae
rbi_3481.jpg,Scarabaeidae
rbi_3485.jpg,Scarabaeidae
rbi_3489.jpg,Scarabaeidae
rbi_3492.jpg,Scarabaeidae
rbi_3495.jpg,Scarabaeidae
rbi_3496.jpg,Scarabaeidae
rbi_3498.jpg,Scarabaeidae
rbi_3500.jpg,Scarabaeidae
rbi_3502.jpg,Scarabaeidae
rbi_3503.jpg,Scarabaeidae
rbi_3506.jpg,Scarabaeidae
rbi_3510.jpg,Scarabaeidae
rbi_3513.jpg,Scarabaeidae
rbi_3514.jpg,Scarabaeidae
rbi_3517.jpg,Scarabaeidae
rbi_3518.jpg,Scarabaeidae
rbi_3520.jpg,Scarabaeidae
rbi_3521.jpg,Scarabaeidae
rbi_3524.jpg,Scarabaeidae
rbi_3525.jpg,Scarabaeidae
rbi_3526.jpg,Scarabaeidae
rbi_3527.jpg,Scarabaeidae
rbi_3528.jpg,Scarabaeidae
rbi_3529.jpg,Scarabaeidae
rbi_3530.jpg,Scarabaeidae
rbi_3531.jpg,Scarabaeidae
rbi_3532.jpg,Scarabaeidae
rbi_3534.jpg,Scarabaeidae
rbi_3537.jpg,Scarabaeidae
rbi_3538.jpg,Scarabaeidae
rbi_3539.jpg,Scarabaeidae
rbi_3540.jpg,Scarabaeidae
rbi_3541.jpg,Scarabaeidae
rbi_3543.jpg,Scarabaeidae
rbi_3544.jpg,Scarabaeidae
rbi_3546.jpg,Scarabaeidae
rbi_3547.jpg,Scarabaeidae
rbi_3548.jpg,Scarabaeidae
rbi_3549.jpg,Scarabaeidae
rbi_3550.jpg,Scarabaeidae
rbi_3551.jpg,Scarabaeidae
rbi_3552.jpg,Scarabaeidae
rbi_3553.jpg,Scarabaeidae
rbi_3554.jpg,Scarabaeidae
rbi_3556.jpg,Scarabaeidae
rbi_3558.jpg,Scarabaeidae
rbi_3559.jpg,Scarabaeidae
rbi_3560.jpg,Scarabaeidae
rbi_3561.jpg,Scarabaeidae
rbi_3562.jpg,Scarabaeidae
rbi_3563.jpg,Scarabaeidae
rbi_3564.jpg,Scarabaeidae
rbi_3566.jpg,Scarabaeidae
rbi_3567.jpg,Scarabaeidae
rbi_3568.jpg,Scarabaeidae
rbi_3569.jpg,Scarabaeidae
rbi_3570.jpg,Scarabaeidae
rbi_3574.jpg,Scarabaeidae
rbi_3576.jpg,Scarabaeidae
rbi_3577.jpg,Scarabaeidae
rbi_3578.jpg,Scarabaeidae
rbi_3579.jpg,Scarabaeidae
rbi_3580.jpg,Scarabaeidae
rbi_3581.jpg,Scarabaeidae
rbi_3582.jpg,Scarabaeidae
rbi_3585.jpg,Scarabaeidae
rbi_3586.jpg,Scarabaeidae
rbi_3588.jpg,Scarabaeidae
rbi_3589.jpg,Scarabaeidae
rbi_3590.jpg,Scarabaeidae
rbi_3591.jpg,Scarabaeidae
rbi_3593.jpg,Scarabaeidae
rbi_3595.jpg,Scarabaeidae
rbi_3599.jpg,Scarabaeidae
rbi_3600.jpg,Scarabaeidae
rbi_3601.jpg,Scarabaeidae
rbi_3604.jpg,Scarabaeidae
rbi_3605.jpg,Scarabaeidae
rbi_3606.jpg,Scarabaeidae
rbi_3607.jpg,Scarabaeidae
rbi_3609.jpg,Scarabaeidae
rbi_3611.jpg,Scarabaeidae
rbi_3612.jpg,Scarabaeidae
rbi_3614.jpg,Scarabaeidae
rbi_3617.jpg,Scarabaeidae
rbi_3619.jpg,Scarabaeidae
rbi_3620.jpg,Scarabaeidae
rbi_3624.jpg,Scarabaeidae
rbi_3625.jpg,Scarabaeidae
rbi_3626.jpg,Scarabaeidae
rbi_3628.jpg,Scarabaeidae
rbi_3629.jpg,Scarabaeidae
rbi_3630.jpg,Scarabaeidae
rbi_3631.jpg,Scarabaeidae
rbi_3632.jpg,Scarabaeidae
rbi_3633.jpg,Scarabaeidae
rbi_3634.jpg,Scarabaeidae
rbi_3635.jpg,Scarabaeidae
rbi_3636.jpg,Scarabaeidae
rbi_3637.jpg,Scarabaeidae
rbi_3640.jpg,Scarabaeidae
rbi_3641.jpg,Scarabaeidae
rbi_3644.jpg,Scarabaeidae
rbi_3645.jpg,Scarabaeidae
rbi_3646.jpg,Scarabaeidae
rbi_3647.jpg,Scarabaeidae
rbi_3648.jpg,Scarabaeidae
rbi_3650.jpg,Scarabaeidae
rbi_3651.jpg,Scarabaeidae
rbi_3654.jpg,Scarabaeidae
rbi_3656.jpg,Scarabaeidae
rbi_3657.jpg,Scarabaeidae
rbi_3660.jpg,Scarabaeidae
rbi_3661.jpg,Scarabaeidae
rbi_3663.jpg,Scarabaeidae
rbi_3665.jpg,Scarabaeidae
rbi_3667.jpg,Scarabaeidae
rbi_3670.jpg,Scarabaeidae
rbi_3672.jpg,Scarabaeidae
rbi_3674.jpg,Scarabaeidae
rbi_3676.jpg,Scarabaeidae
rbi_3679.jpg,Scarabaeidae
rbi_3682.jpg,Scarabaeidae
rbi_3684.jpg,Scarabaeidae
rbi_3686.jpg,Scarabaeidae
rbi_3688.jpg,Scarabaeidae
rbi_3690.jpg,Scarabaeidae
rbi_3693.jpg,Scarabaeidae
rbi_3695.jpg,Scarabaeidae
rbi_3697.jpg,Scarabaeidae
rbi_3699.jpg,Scarabaeidae
rbi_3706.jpg,Scarabaeidae
rbi_3707.jpg,Scarabaeidae
rbi_3709.jpg,Scarabaeidae
rbi_3710.jpg,Scarabaeidae
rbi_3712.jpg,Scarabaeidae
rbi_3719.jpg,Scarabaeidae
rbi_3720.jpg,Scarabaeidae
rbi_3724.jpg,Scarabaeidae
rbi_3725.jpg,Scarabaeidae
rbi_3728.jpg,Scarabaeidae
rbi_3729.jpg,Scarabaeidae
rbi_3730.jpg,Scarabaeidae
rbi_3734.jpg,Scarabaeidae
rbi_3735.jpg,Scarabaeidae
rbi_3737.jpg,Scarabaeidae
rbi_3739.jpg,Scarabaeidae
rbi_3743.jpg,Scarabaeidae
rbi_3744.jpg,Scarabaeidae
rbi_3746.jpg,Scarabaeidae
rbi_3747.jpg,Scarabaeidae
rbi_3751.jpg,Scarabaeidae
rbi_3754.jpg,Scarabaeidae
rbi_3755.jpg,Scarabaeidae
rbi_3757.jpg,Scarabaeidae
rbi_3759.jpg,Scarabaeidae
rbi_3760.jpg,Scarabaeidae
rbi_3762.jpg,Scarabaeidae
rbi_3763.jpg,Scarabaeidae
rbi_3764.jpg,Scarabaeidae
rbi_3768.jpg,Scarabaeidae
rbi_3771.jpg,Scarabaeidae
rbi_3772.jpg,Scarabaeidae
rbi_3773.jpg,Scarabaeidae
rbi_3774.jpg,Scarabaeidae
rbi_3775.jpg,Scarabaeidae
rbi_3776.jpg,Scarabaeidae
rbi_3777.jpg,Scarabaeidae
rbi_3780.jpg,Scarabaeidae
rbi_3783.jpg,Scarabaeidae
rbi_3788.jpg,Scarabaeidae
rbi_3790.jpg,Scarabaeidae
rbi_3791.jpg,Scarabaeidae
rbi_3794.jpg,Scarabaeidae
rbi_3797.jpg,Scarabaeidae
rbi_3801.jpg,Scarabaeidae
rbi_3803.jpg,Scarabaeidae
rbi_3806.jpg,Scarabaeidae
rbi_3809.jpg,Scarabaeidae
rbi_3816.jpg,Scarabaeidae
rbi_3817.jpg,Scarabaeidae
rbi_3818.jpg,Scarabaeidae
rbi_3822.jpg,Scarabaeidae
rbi_3825.jpg,Scarabaeidae
rbi_3826.jpg,Scarabaeidae
rbi_3828.jpg,Scarabaeidae
rbi_3830.jpg,Scarabaeidae
rbi_3833.jpg,Scarabaeidae
rbi_3834.jpg,Scarabaeidae
rbi_3839.jpg,Scarabaeidae
rbi_3845.jpg,Scarabaeidae
rbi_3846.jpg,Scarabaeidae
rbi_3850.jpg,Scarabaeidae
rbi_3853.jpg,Scarabaeidae
rbi_3856.jpg,Scarabaeidae
rbi_3857.jpg,Scarabaeidae
rbi_3861.jpg,Scarabaeidae
rbi_3864.jpg,Scarabaeidae
rbi_3866.jpg,Scarabaeidae
rbi_3869.jpg,Scarabaeidae
rbi_3872.jpg,Scarabaeidae
rbi_3875.jpg,Scarabaeidae
rbi_3878.jpg,Scarabaeidae
rbi_3881.jpg,Scarabaeidae
rbi_3884.jpg,Scarabaeidae
rbi_3887.jpg,Scarabaeidae
rbi_3890.jpg,Scarabaeidae
rbi_3896.jpg,Scarabaeidae
rbi_3899.jpg,Scarabaeidae
rbi_3902.jpg,Scarabaeidae
rbi_3910.jpg,Scarabaeidae
rbi_3913.jpg,Scarabaeidae
rbi_3919.jpg,Scarabaeidae
rbi_3923.jpg,Scarabaeidae
rbi_3929.jpg,Scarabaeidae
rbi_3932.jpg,Scarabaeidae
rbi_3935.jpg,Scarabaeidae
rbi_3938.jpg,Scarabaeidae
rbi_3941.jpg,Scarabaeidae
rbi_3944.jpg,Scarabaeidae
rbi_3948.jpg,Scarabaeidae
rbi_3951.jpg,Scarabaeidae
rbi_3954.jpg,Scarabaeidae
rbi_3958.jpg,Scarabaeidae
rbi_3961.jpg,Scarabaeidae
rbi_3964.jpg,Scarabaeidae
rbi_3968.jpg,Scarabaeidae
rbi_3971.jpg,Scarabaeidae
rbi_3975.jpg,Scarabaeidae
rbi_3977.jpg,Scarabaeidae
rbi_3980.jpg,Scarabaeidae
rbi_3984.jpg,Scarabaeidae
rbi_3987.jpg,Scarabaeidae
rbi_3990.jpg,Scarabaeidae
rbi_3994.jpg,Scarabaeidae
rbi_3999.jpg,Scarabaeidae
rbi_4002.jpg,Scarabaeidae
rbi_4006.jpg,Scarabaeidae
rbi_4010.jpg,Scarabaeidae
rbi_4012.jpg,Scarabaeidae
rbi_4014.jpg,Scarabaeidae
rbi_4016.jpg,Scarabaeidae
rbi_4017.jpg,Scarabaeidae
rbi_4020.jpg,Scarabaeidae
rbi_4023.jpg,Scarabaeidae
rbi_4026.jpg,Scarabaeidae
rbi_4029.jpg,Scarabaeidae
rbi_4032.jpg,Scarabaeidae
rbi_4035.jpg,Scarabaeidae
rbi_4038.jpg,Scarabaeidae
rbi_4041.jpg,Scarabaeidae
rbi_4044.jpg,Scarabaeidae
rbi_4047.jpg,Scarabaeidae
rbi_4050.jpg,Scarabaeidae
rbi_4053.jpg,Scarabaeidae
rbi_4055.jpg,Scarabaeidae
rbi_4059.jpg,Scarabaeidae
rbi_4062.jpg,Scarabaeidae
rbi_4064.jpg,Scarabaeidae
rbi_4067.jpg,Scarabaeidae
rbi_4070.jpg,Scarabaeidae
rbi_4073.jpg,Scarabaeidae
rbi_4075.jpg,Scarabaeidae
rbi_4078.jpg,Scarabaeidae
rbi_4081.jpg,Scarabaeidae
rbi_4084.jpg,Scarabaeidae
rbi_4087.jpg,Scarabaeidae
rbi_4089.jpg,Scarabaeidae
rbi_4092.jpg,Scarabaeidae
rbi_4095.jpg,Scarabaeidae
rbi_4098.jpg,Scarabaeidae
rbi_4101.jpg,Scarabaeidae
rbi_4103.jpg,Scarabaeidae
rbi_4106.jpg,Scarabaeidae
rbi_4108.jpg,Scarabaeidae
rbi_4109.jpg,Scarabaeidae
rbi_4111.jpg,Scarabaeidae
rbi_4119.jpg,Scarabaeidae
rbi_4122.jpg,Scarabaeidae
rbi_4124.jpg,Scarabaeidae
rbi_4127.jpg,Scarabaeidae
rbi_4130.jpg,Scarabaeidae
rbi_4133.jpg,Scarabaeidae
rbi_4136.jpg,Scarabaeidae
rbi_4141.jpg,Scarabaeidae
rbi_4144.jpg,Scarabaeidae
rbi_4146.jpg,Scarabaeidae
rbi_4149.jpg,Scarabaeidae
rbi_4153.jpg,Scarabaeidae
rbi_4155.jpg,Scarabaeidae
rbi_4159.jpg,Scarabaeidae
rbi_4162.jpg,Scarabaeidae
rbi_4166.jpg,Scarabaeidae
rbi_4168.jpg,Scarabaeidae
rbi_4172.jpg,Scarabaeidae
rbi_4175.jpg,Scarabaeidae
rbi_4178.jpg,Scarabaeidae
rbi_4181.jpg,Scarabaeidae
rbi_4184.jpg,Scarabaeidae
rbi_4187.jpg,Scarabaeidae
rbi_4190.jpg,Scarabaeidae
rbi_4192.jpg,Scarabaeidae
rbi_4193.jpg,Scarabaeidae
rbi_4199.jpg,Scarabaeidae
rbi_4201.jpg,Scarabaeidae
rbi_4205.jpg,Scarabaeidae
rbi_4207.jpg,Scarabaeidae
rbi_4211.jpg,Scarabaeidae
rbi_4214.jpg,Scarabaeidae
rbi_4218.jpg,Scarabaeidae
rbi_4219.jpg,Scarabaeidae
rbi_4220.jpg,Scarabaeidae
rbi_4221.jpg,Scarabaeidae
rbi_4222.jpg,Scarabaeidae
rbi_4223.jpg,Scarabaeidae
rbi_4224.jpg,Scarabaeidae
rbi_4226.jpg,Scarabaeidae
rbi_4228.jpg,Scarabaeidae
rbi_4229.jpg,Scarabaeidae
rbi_4230.jpg,Scarabaeidae
rbi_4231.jpg,Scarabaeidae
rbi_4233.jpg,Scarabaeidae
rbi_4234.jpg,Scarabaeidae
rbi_4235.jpg,Scarabaeidae
rbi_4236.jpg,Scarabaeidae
rbi_4237.jpg,Scarabaeidae
rbi_4239.jpg,Silphidae
rbi_4241.jpg,Silphidae
rbi_4242.jpg,Silphidae
rbi_4244.jpg,Silphidae
rbi_4245.jpg,Silphidae
rbi_4246.jpg,Trictenotomidae
rbi_4249.jpg,Zopheridae
